-- phpMyAdmin SQL Dump
-- version 4.2.11
-- http://www.phpmyadmin.net
--
-- Host: 127.0.0.1
-- Generation Time: Apr 21, 2015 at 07:20 PM
-- Server version: 5.6.21
-- PHP Version: 5.6.3

SET SQL_MODE = "NO_AUTO_VALUE_ON_ZERO";
SET time_zone = "+00:00";


/*!40101 SET @OLD_CHARACTER_SET_CLIENT=@@CHARACTER_SET_CLIENT */;
/*!40101 SET @OLD_CHARACTER_SET_RESULTS=@@CHARACTER_SET_RESULTS */;
/*!40101 SET @OLD_COLLATION_CONNECTION=@@COLLATION_CONNECTION */;
/*!40101 SET NAMES utf8 */;

--
-- Database: `tabletennisranking`
--

-- --------------------------------------------------------

--
-- Table structure for table `calculations`
--

CREATE TABLE IF NOT EXISTS `calculations` (
`Id` int(11) NOT NULL,
  `type` text NOT NULL,
  `weight` float NOT NULL
) ENGINE=InnoDB DEFAULT CHARSET=latin1;

-- --------------------------------------------------------

--
-- Table structure for table `championships`
--

CREATE TABLE IF NOT EXISTS `championships` (
`Id` int(11) NOT NULL,
  `Name` text NOT NULL,
  `weight` float NOT NULL
) ENGINE=InnoDB AUTO_INCREMENT=8 DEFAULT CHARSET=latin1;

--
-- Dumping data for table `championships`
--

INSERT INTO `championships` (`Id`, `Name`, `weight`) VALUES
(1, 'Campeonato Regional Madeira 1ª Divisão', 1.75),
(2, 'Campeonato Regional de Singulares Seniores', 2),
(3, 'Campeonato Nacional 2ª Divisão Honra', 2),
(4, 'Campeonato Nacional 1ª Divisão', 2.25),
(5, 'Torneio Regional', 1),
(6, 'Campeonato Nacional Singulares Seniores', 2.25),
(7, 'Treino', 0);

-- --------------------------------------------------------

--
-- Table structure for table `clubs`
--

CREATE TABLE IF NOT EXISTS `clubs` (
`Id` int(11) NOT NULL,
  `Name` text NOT NULL,
  `Photo` text NOT NULL
) ENGINE=InnoDB AUTO_INCREMENT=43 DEFAULT CHARSET=latin1;

--
-- Dumping data for table `clubs`
--

INSERT INTO `clubs` (`Id`, `Name`, `Photo`) VALUES
(1, 'Clube Desportivo Santa Rita', ''),
(2, 'Clube Desportivo São Roque', ''),
(3, 'Grupo Desportivo Estreito', ''),
(4, 'Desportivo Machico', ''),
(5, 'ACM Madeira', ''),
(6, 'ADC Ponta do Pargo', ''),
(7, 'AD Galomar', ''),
(8, 'CD 1º Maio', ''),
(9, 'Sporting C. Madeira', ''),
(10, 'CTM Funchal', ''),
(11, 'AD Caramanchao', ''),
(13, 'ACD São João', ''),
(14, 'CTM Ponta Sol', ''),
(15, 'CDE Santa Cruz', ''),
(16, 'CS Maritimo', ''),
(17, 'CSD Camara de Lobos', ''),
(18, 'Sporting C. Porto Santo', ''),
(19, 'Guilhabreu', ''),
(20, 'AR Novelense', ''),
(21, 'Sporting Clube de Portugal', ''),
(22, 'Sport Lisboa e Benfica', ''),
(23, 'CTM Mirandela', ''),
(24, 'GD Toledos', ''),
(25, 'GD Juncal', ''),
(26, 'CP Oliveirinha', ''),
(27, 'São Cosme', ''),
(28, 'AATM Região Centro', ''),
(29, 'Estrangeiro', ''),
(30, 'JS Campinense', ''),
(31, 'CP Alvito', ''),
(32, 'Juventude Sanguedo', ''),
(33, 'CC Currelos', ''),
(34, 'Top Spin', ''),
(35, 'Campismo SJ Madeira', ''),
(36, 'UR Dafundo', ''),
(38, 'Dragoes Valbonenses', ''),
(39, 'Academico de Viseu FC', ''),
(40, 'GD Viso', ''),
(41, 'ADC Ega', ''),
(42, 'AHBV Seia', '');

-- --------------------------------------------------------

--
-- Table structure for table `destinationlenght`
--

CREATE TABLE IF NOT EXISTS `destinationlenght` (
`Id` int(11) NOT NULL,
  `Lenght` text NOT NULL
) ENGINE=InnoDB AUTO_INCREMENT=4 DEFAULT CHARSET=latin1;

--
-- Dumping data for table `destinationlenght`
--

INSERT INTO `destinationlenght` (`Id`, `Lenght`) VALUES
(1, 'Long'),
(2, 'Short'),
(3, 'NotAvailable');

-- --------------------------------------------------------

--
-- Table structure for table `destinationside`
--

CREATE TABLE IF NOT EXISTS `destinationside` (
`Id` int(11) NOT NULL,
  `Side` text NOT NULL
) ENGINE=InnoDB AUTO_INCREMENT=5 DEFAULT CHARSET=latin1;

--
-- Dumping data for table `destinationside`
--

INSERT INTO `destinationside` (`Id`, `Side`) VALUES
(1, 'Left'),
(2, 'Middle'),
(3, 'Right'),
(4, 'NotAvailable');

-- --------------------------------------------------------

--
-- Table structure for table `gamepoints`
--

CREATE TABLE IF NOT EXISTS `gamepoints` (
`id` int(11) NOT NULL,
  `idGame` int(11) NOT NULL,
  `idPlayer` int(11) NOT NULL,
  `IdPointType` int(11) NOT NULL,
  `success` tinyint(1) NOT NULL,
  `timespan` timestamp NOT NULL DEFAULT CURRENT_TIMESTAMP ON UPDATE CURRENT_TIMESTAMP,
  `setId` int(11) NOT NULL,
  `IdPlayerLocation` int(11) NOT NULL,
  `isServicePoint` tinyint(1) NOT NULL
) ENGINE=InnoDB AUTO_INCREMENT=63 DEFAULT CHARSET=latin1;

--
-- Dumping data for table `gamepoints`
--

INSERT INTO `gamepoints` (`id`, `idGame`, `idPlayer`, `IdPointType`, `success`, `timespan`, `setId`, `IdPlayerLocation`, `isServicePoint`) VALUES
(1, 238, 23, 2, 0, '2015-04-17 23:03:10', 0, 1, 0),
(2, 238, 23, 3, 0, '2015-04-17 23:03:19', 0, 1, 0),
(3, 238, 23, 2, 0, '2015-04-17 23:03:32', 0, 1, 1),
(4, 238, 23, 3, 0, '2015-04-17 23:03:49', 0, 1, 1),
(5, 238, 23, 2, 0, '2015-04-17 23:04:00', 0, 1, 0),
(6, 238, 23, 2, 1, '2015-04-17 23:04:15', 0, 1, 0),
(7, 238, 23, 2, 1, '2015-04-17 23:04:27', 0, 1, 1),
(8, 238, 23, 3, 0, '2015-04-17 23:04:43', 0, 1, 1),
(9, 238, 23, 2, 0, '2015-04-17 23:04:54', 0, 1, 0),
(10, 238, 23, 3, 1, '2015-04-17 23:05:07', 0, 1, 0),
(11, 238, 23, 2, 1, '2015-04-17 23:05:21', 0, 1, 1),
(12, 238, 23, 2, 1, '2015-04-17 23:05:37', 0, 1, 1),
(13, 238, 23, 3, 0, '2015-04-17 23:06:11', 0, 1, 0),
(14, 238, 23, 2, 0, '2015-04-17 23:06:22', 0, 1, 0),
(15, 238, 23, 2, 0, '2015-04-17 23:06:32', 0, 1, 1),
(16, 238, 23, 3, 0, '2015-04-17 23:06:39', 0, 1, 1),
(17, 238, 23, 3, 1, '2015-04-17 23:07:54', 1, 1, 1),
(18, 238, 23, 2, 1, '2015-04-17 23:08:00', 1, 1, 1),
(19, 238, 23, 2, 0, '2015-04-17 23:08:08', 1, 1, 0),
(20, 238, 23, 1, 1, '2015-04-17 23:08:20', 1, 1, 0),
(21, 238, 23, 1, 1, '2015-04-17 23:08:37', 1, 1, 1),
(22, 238, 23, 2, 1, '2015-04-17 23:08:58', 1, 1, 1),
(23, 238, 23, 3, 0, '2015-04-17 23:09:15', 1, 1, 0),
(24, 238, 23, 3, 0, '2015-04-17 23:09:37', 1, 1, 0),
(25, 238, 23, 1, 1, '2015-04-17 23:09:51', 1, 1, 1),
(26, 238, 23, 2, 1, '2015-04-17 23:10:05', 1, 1, 1),
(27, 238, 23, 2, 0, '2015-04-17 23:10:20', 1, 1, 0),
(28, 238, 23, 2, 1, '2015-04-17 23:10:36', 1, 1, 0),
(29, 238, 23, 2, 1, '2015-04-17 23:10:50', 1, 1, 1),
(30, 238, 23, 2, 0, '2015-04-17 23:11:06', 1, 1, 1),
(31, 238, 23, 2, 1, '2015-04-17 23:11:18', 1, 1, 0),
(32, 238, 23, 1, 1, '2015-04-17 23:11:29', 1, 1, 0),
(33, 238, 23, 2, 1, '2015-04-17 23:13:12', 2, 1, 0),
(34, 238, 23, 2, 1, '2015-04-17 23:13:30', 2, 1, 0),
(35, 238, 23, 2, 1, '2015-04-17 23:13:53', 2, 1, 1),
(36, 238, 23, 2, 0, '2015-04-17 23:14:03', 2, 1, 1),
(37, 238, 23, 2, 0, '2015-04-17 23:14:14', 2, 1, 0),
(38, 238, 23, 1, 1, '2015-04-17 23:14:40', 2, 1, 0),
(39, 238, 23, 1, 0, '2015-04-17 23:14:52', 2, 1, 1),
(40, 238, 23, 2, 1, '2015-04-17 23:15:07', 2, 1, 1),
(41, 238, 23, 2, 1, '2015-04-17 23:15:17', 2, 1, 0),
(42, 238, 23, 2, 1, '2015-04-17 23:15:28', 2, 1, 0),
(43, 238, 23, 2, 1, '2015-04-17 23:15:37', 2, 1, 1),
(44, 238, 23, 1, 1, '2015-04-17 23:15:51', 2, 1, 1),
(45, 238, 23, 2, 1, '2015-04-17 23:16:23', 2, 1, 0),
(46, 238, 23, 1, 1, '2015-04-17 23:16:33', 2, 1, 0),
(47, 238, 23, 2, 1, '2015-04-17 23:18:03', 3, 1, 1),
(48, 238, 23, 2, 1, '2015-04-17 23:18:16', 3, 1, 1),
(49, 238, 23, 3, 1, '2015-04-17 23:18:27', 3, 1, 0),
(50, 238, 23, 2, 0, '2015-04-17 23:18:41', 3, 1, 0),
(51, 238, 23, 2, 1, '2015-04-17 23:18:53', 3, 1, 1),
(52, 238, 23, 2, 1, '2015-04-17 23:19:01', 3, 1, 1),
(53, 238, 23, 3, 1, '2015-04-17 23:19:15', 3, 1, 0),
(54, 238, 23, 2, 1, '2015-04-17 23:19:31', 3, 1, 0),
(55, 238, 23, 3, 0, '2015-04-17 23:19:47', 3, 1, 1),
(56, 238, 23, 2, 1, '2015-04-17 23:19:57', 3, 1, 1),
(57, 238, 23, 2, 1, '2015-04-17 23:20:11', 3, 1, 0),
(58, 238, 23, 2, 1, '2015-04-17 23:21:13', 3, 1, 0),
(59, 238, 23, 2, 0, '2015-04-17 23:21:24', 3, 1, 1),
(60, 238, 23, 2, 0, '2015-04-17 23:21:40', 3, 1, 1),
(61, 238, 23, 2, 0, '2015-04-17 23:22:00', 3, 1, 0),
(62, 238, 23, 2, 1, '2015-04-17 23:22:16', 3, 1, 0);

-- --------------------------------------------------------

--
-- Table structure for table `games`
--

CREATE TABLE IF NOT EXISTS `games` (
`id` int(11) NOT NULL,
  `IdPlayerA` int(11) NOT NULL,
  `IdPlayerB` int(11) NOT NULL,
  `SetsA` int(11) NOT NULL,
  `SetsB` int(11) NOT NULL,
  `IdPlayerWinner` int(11) NOT NULL,
  `Date` date NOT NULL,
  `IdChamp` int(11) NOT NULL,
  `IdCalculation` int(11) NOT NULL
) ENGINE=InnoDB AUTO_INCREMENT=911 DEFAULT CHARSET=latin1;

--
-- Dumping data for table `games`
--

INSERT INTO `games` (`id`, `IdPlayerA`, `IdPlayerB`, `SetsA`, `SetsB`, `IdPlayerWinner`, `Date`, `IdChamp`, `IdCalculation`) VALUES
(4, 5, 7, 1, 3, 7, '2014-10-25', 1, 0),
(5, 3, 9, 3, 0, 3, '2014-10-25', 1, 0),
(6, 6, 8, 2, 3, 8, '2014-10-25', 1, 0),
(7, 5, 9, 3, 0, 5, '2014-10-25', 1, 0),
(10, 12, 13, 3, 1, 12, '2014-10-25', 1, 0),
(11, 10, 15, 0, 3, 15, '2014-10-25', 1, 0),
(12, 11, 14, 3, 1, 11, '2014-10-25', 1, 0),
(13, 12, 15, 0, 3, 15, '2014-10-25', 1, 0),
(14, 18, 20, 3, 0, 18, '2014-10-25', 1, 0),
(15, 16, 22, 3, 0, 16, '2014-10-25', 1, 0),
(16, 19, 21, 0, 3, 21, '2014-10-25', 1, 0),
(17, 18, 22, 3, 0, 18, '2014-10-25', 1, 0),
(18, 23, 25, 3, 1, 23, '2014-10-25', 1, 0),
(19, 24, 27, 3, 1, 24, '2014-10-25', 1, 0),
(20, 1, 26, 3, 0, 1, '2014-10-25', 1, 0),
(21, 30, 33, 2, 3, 33, '2014-10-25', 1, 0),
(22, 28, 34, 1, 3, 34, '2014-10-25', 1, 0),
(23, 29, 31, 1, 3, 31, '2014-10-25', 1, 0),
(24, 30, 34, 0, 3, 34, '2014-10-25', 1, 0),
(25, 12, 8, 3, 0, 12, '2014-11-01', 1, 0),
(26, 10, 9, 3, 0, 10, '2014-11-01', 1, 0),
(27, 11, 7, 3, 1, 11, '2014-11-01', 1, 0),
(28, 4, 19, 0, 3, 19, '2014-11-01', 1, 0),
(29, 3, 18, 0, 3, 18, '2014-11-01', 1, 0),
(30, 5, 16, 1, 3, 16, '2014-11-01', 1, 0),
(31, 35, 36, 3, 0, 35, '2014-11-01', 1, 0),
(33, 25, 15, 3, 2, 25, '2014-11-01', 1, 0),
(34, 26, 13, 0, 3, 13, '2014-11-01', 1, 0),
(35, 35, 15, 1, 3, 15, '2014-11-01', 1, 0),
(36, 20, 38, 3, 1, 20, '2014-11-01', 1, 0),
(37, 37, 28, 3, 1, 37, '2014-11-01', 1, 0),
(38, 39, 29, 0, 3, 29, '2014-11-01', 1, 0),
(39, 20, 28, 3, 2, 20, '2014-11-01', 1, 0),
(40, 23, 32, 3, 0, 23, '2014-11-01', 1, 0),
(41, 24, 31, 1, 3, 31, '2014-11-01', 1, 0),
(42, 1, 33, 3, 0, 1, '2014-11-01', 1, 0),
(43, 23, 31, 3, 1, 23, '2014-11-01', 1, 0),
(44, 18, 9, 3, 0, 18, '2014-11-08', 1, 0),
(45, 17, 7, 1, 3, 7, '2014-11-08', 1, 0),
(46, 19, 41, 3, 0, 19, '2014-11-08', 1, 0),
(47, 18, 7, 0, 3, 7, '2014-11-08', 1, 0),
(48, 12, 25, 1, 3, 25, '2014-11-08', 1, 0),
(49, 42, 27, 3, 0, 42, '2014-11-08', 1, 0),
(50, 10, 26, 3, 1, 10, '2014-11-08', 1, 0),
(51, 12, 27, 3, 0, 12, '2014-11-08', 1, 0),
(52, 43, 5, 0, 3, 5, '2014-11-08', 1, 0),
(53, 30, 4, 0, 3, 4, '2014-11-08', 1, 0),
(54, 29, 3, 1, 3, 3, '2014-11-08', 1, 0),
(55, 15, 33, 3, 0, 15, '2014-11-08', 1, 0),
(56, 13, 32, 3, 0, 13, '2014-11-08', 1, 0),
(57, 36, 31, 0, 3, 31, '2014-11-08', 1, 0),
(58, 15, 32, 3, 0, 15, '2014-11-08', 1, 0),
(59, 44, 9, 0, 3, 9, '2014-11-15', 1, 0),
(60, 25, 7, 3, 1, 25, '2014-11-15', 1, 0),
(61, 26, 8, 3, 0, 26, '2014-11-15', 1, 0),
(62, 44, 7, 0, 3, 7, '2014-11-15', 1, 0),
(63, 18, 30, 3, 0, 18, '2014-11-15', 1, 0),
(64, 17, 29, 3, 0, 17, '2014-11-15', 1, 0),
(65, 19, 28, 3, 2, 19, '2014-11-15', 1, 0),
(66, 31, 10, 3, 0, 31, '2014-11-15', 1, 0),
(67, 32, 12, 0, 3, 12, '2014-11-15', 1, 0),
(68, 33, 42, 3, 0, 33, '2014-11-15', 1, 0),
(69, 31, 12, 0, 3, 12, '2014-11-15', 1, 0),
(70, 5, 24, 3, 0, 5, '2014-11-15', 1, 0),
(71, 4, 23, 2, 3, 23, '2014-11-15', 1, 0),
(72, 3, 1, 3, 1, 3, '2014-11-15', 1, 0),
(73, 5, 23, 0, 3, 23, '2014-11-15', 1, 0),
(74, 20, 36, 3, 0, 20, '2014-11-15', 1, 0),
(75, 39, 15, 0, 3, 15, '2014-11-15', 1, 0),
(76, 37, 13, 3, 2, 37, '2014-11-15', 1, 0),
(77, 20, 15, 0, 3, 15, '2014-11-15', 1, 0),
(78, 43, 8, 3, 0, 43, '2014-11-22', 1, 0),
(79, 30, 7, 0, 3, 7, '2014-11-22', 1, 0),
(80, 29, 9, 3, 0, 29, '2014-11-22', 1, 0),
(81, 43, 7, 0, 3, 7, '2014-11-22', 1, 0),
(82, 25, 32, 3, 0, 25, '2014-11-22', 1, 0),
(83, 26, 34, 1, 3, 34, '2014-11-22', 1, 0),
(84, 27, 31, 0, 3, 31, '2014-11-22', 1, 0),
(85, 25, 34, 1, 3, 34, '2014-11-22', 1, 0),
(86, 23, 19, 3, 1, 23, '2014-11-22', 1, 0),
(87, 1, 18, 0, 3, 18, '2014-11-22', 1, 0),
(88, 24, 17, 0, 3, 17, '2014-11-22', 1, 0),
(89, 12, 39, 3, 1, 12, '2014-11-22', 1, 0),
(90, 10, 20, 3, 1, 10, '2014-11-22', 1, 0),
(91, 42, 37, 0, 3, 37, '2014-11-22', 1, 0),
(92, 12, 20, 3, 0, 12, '2014-11-22', 1, 0),
(93, 15, 4, 3, 0, 15, '2014-11-22', 1, 0),
(94, 36, 5, 0, 3, 5, '2014-11-22', 1, 0),
(95, 13, 3, 3, 0, 13, '2014-11-22', 1, 0),
(96, 15, 5, 3, 1, 15, '2014-11-22', 1, 0),
(97, 7, 33, 3, 0, 7, '2014-11-29', 1, 0),
(98, 9, 45, 1, 3, 45, '2014-11-29', 1, 0),
(99, 8, 31, 0, 3, 31, '2014-11-29', 1, 0),
(100, 7, 45, 3, 0, 7, '2014-11-29', 1, 0),
(101, 30, 24, 2, 3, 24, '2014-11-29', 1, 0),
(102, 29, 23, 1, 3, 23, '2014-11-29', 1, 0),
(103, 28, 1, 1, 3, 1, '2014-11-29', 1, 0),
(104, 20, 25, 2, 3, 25, '2014-11-29', 1, 0),
(105, 39, 46, 3, 1, 39, '2014-11-29', 1, 0),
(106, 37, 26, 3, 1, 37, '2014-11-29', 1, 0),
(107, 20, 46, 3, 0, 20, '2014-11-29', 1, 0),
(108, 18, 47, 3, 0, 18, '2014-11-29', 1, 0),
(109, 16, 15, 2, 3, 15, '2014-11-29', 1, 0),
(110, 17, 13, 3, 1, 17, '2014-11-29', 1, 0),
(111, 18, 15, 3, 1, 18, '2014-11-29', 1, 0),
(112, 5, 11, 2, 3, 11, '2014-11-29', 1, 0),
(113, 4, 12, 0, 3, 12, '2014-11-29', 1, 0),
(114, 3, 10, 3, 2, 3, '2014-11-29', 1, 0),
(115, 5, 12, 1, 3, 12, '2014-11-29', 1, 0),
(116, 23, 9, 3, 0, 23, '2014-12-06', 1, 0),
(117, 1, 7, 0, 3, 7, '2014-12-06', 1, 0),
(118, 24, 8, 3, 0, 24, '2014-12-06', 1, 0),
(119, 23, 7, 0, 3, 7, '2014-12-06', 1, 0),
(120, 20, 31, 1, 3, 31, '2014-12-06', 1, 0),
(121, 37, 33, 3, 0, 37, '2014-12-06', 1, 0),
(122, 39, 34, 0, 3, 34, '2014-12-06', 1, 0),
(123, 20, 33, 3, 0, 20, '2014-12-06', 1, 0),
(124, 15, 43, 3, 0, 15, '2014-12-06', 1, 0),
(125, 47, 28, 1, 3, 28, '2014-12-06', 1, 0),
(126, 13, 30, 3, 0, 13, '2014-12-06', 1, 0),
(127, 15, 28, 3, 1, 15, '2014-12-06', 1, 0),
(128, 25, 3, 3, 2, 25, '2014-12-06', 1, 0),
(129, 49, 5, 0, 3, 5, '2014-12-06', 1, 0),
(130, 26, 48, 0, 3, 48, '2014-12-06', 1, 0),
(131, 25, 5, 0, 3, 5, '2014-12-06', 1, 0),
(132, 12, 19, 0, 3, 19, '2014-12-06', 1, 0),
(133, 42, 18, 0, 3, 18, '2014-12-06', 1, 0),
(134, 10, 17, 2, 3, 17, '2014-12-06', 1, 0),
(135, 37, 8, 3, 0, 37, '2015-01-10', 1, 0),
(136, 20, 7, 0, 3, 7, '2015-01-10', 1, 0),
(137, 39, 41, 3, 0, 39, '2015-01-10', 1, 0),
(138, 37, 7, 2, 3, 7, '2015-01-10', 1, 0),
(139, 23, 50, 3, 0, 23, '2015-01-10', 1, 0),
(140, 24, 15, 0, 3, 15, '2015-01-10', 1, 0),
(141, 1, 13, 3, 0, 1, '2015-01-10', 1, 0),
(142, 23, 15, 0, 3, 15, '2015-01-10', 1, 0),
(143, 5, 51, 3, 0, 5, '2015-01-10', 1, 0),
(144, 48, 31, 3, 0, 48, '2015-01-10', 1, 0),
(145, 3, 33, 3, 0, 3, '2015-01-10', 1, 0),
(146, 43, 11, 0, 3, 11, '2015-01-10', 1, 0),
(147, 29, 12, 0, 3, 12, '2015-01-10', 1, 0),
(148, 28, 10, 1, 3, 10, '2015-01-10', 1, 0),
(149, 18, 27, 3, 0, 18, '2015-01-10', 1, 0),
(150, 17, 35, 3, 2, 17, '2015-01-10', 1, 0),
(151, 19, 26, 3, 0, 19, '2015-01-10', 1, 0),
(152, 15, 9, 3, 0, 15, '2015-01-17', 1, 0),
(153, 47, 7, 0, 3, 7, '2015-01-17', 1, 0),
(154, 13, 8, 3, 0, 13, '2015-01-17', 1, 0),
(155, 15, 7, 3, 0, 15, '2015-01-17', 1, 0),
(156, 21, 48, 2, 3, 48, '2015-01-17', 1, 0),
(157, 37, 3, 3, 2, 37, '2015-01-17', 1, 0),
(158, 20, 5, 1, 3, 5, '2015-01-17', 1, 0),
(159, 21, 3, 3, 0, 21, '2015-01-17', 1, 0),
(160, 11, 24, 3, 0, 11, '2015-01-17', 1, 0),
(161, 42, 23, 0, 3, 23, '2015-01-17', 1, 0),
(162, 10, 1, 0, 3, 1, '2015-01-17', 1, 0),
(163, 11, 23, 1, 3, 23, '2015-01-17', 1, 0),
(164, 51, 17, 0, 3, 17, '2015-01-17', 1, 0),
(165, 33, 18, 0, 3, 18, '2015-01-17', 1, 0),
(166, 31, 19, 3, 1, 31, '2015-01-17', 1, 0),
(167, 51, 18, 0, 3, 18, '2015-01-17', 1, 0),
(168, 35, 28, 0, 3, 28, '2015-01-17', 1, 0),
(169, 25, 52, 3, 1, 25, '2015-01-17', 1, 0),
(170, 26, 29, 1, 3, 29, '2015-01-17', 1, 0),
(171, 35, 52, 1, 3, 52, '2015-01-17', 1, 0),
(172, 7, 3, 3, 0, 7, '2015-01-24', 1, 0),
(173, 9, 5, 0, 3, 5, '2015-01-24', 1, 0),
(174, 8, 48, 0, 3, 48, '2015-01-24', 1, 0),
(175, 7, 5, 2, 3, 5, '2015-01-24', 1, 0),
(176, 20, 16, 0, 3, 16, '2015-01-24', 1, 0),
(177, 53, 17, 0, 3, 17, '2015-01-24', 1, 0),
(178, 37, 19, 3, 2, 37, '2015-01-24', 1, 0),
(179, 20, 17, 1, 3, 17, '2015-01-24', 1, 0),
(180, 25, 24, 3, 1, 25, '2015-01-24', 1, 0),
(181, 26, 23, 0, 3, 23, '2015-01-24', 1, 0),
(182, 35, 1, 2, 3, 1, '2015-01-24', 1, 0),
(183, 25, 23, 1, 3, 23, '2015-01-24', 1, 0),
(184, 34, 52, 3, 0, 34, '2015-01-24', 1, 0),
(185, 33, 28, 3, 0, 33, '2015-01-24', 1, 0),
(186, 31, 29, 3, 0, 31, '2015-01-24', 1, 0),
(187, 18, 5, 3, 1, 18, '2015-02-14', 1, 0),
(188, 16, 3, 3, 0, 16, '2015-02-14', 1, 0),
(189, 19, 48, 0, 3, 48, '2015-02-14', 1, 0),
(190, 18, 3, 3, 0, 18, '2015-02-14', 1, 0),
(191, 15, 26, 3, 0, 15, '2015-02-14', 1, 0),
(192, 36, 25, 1, 3, 25, '2015-02-14', 1, 0),
(193, 13, 35, 3, 1, 13, '2015-02-14', 1, 0),
(194, 15, 25, 3, 1, 15, '2015-02-14', 1, 0),
(195, 52, 37, 0, 3, 37, '2015-02-14', 1, 0),
(196, 28, 54, 3, 0, 28, '2015-02-14', 1, 0),
(197, 29, 20, 1, 3, 20, '2015-02-14', 1, 0),
(198, 52, 54, 3, 0, 52, '2015-02-14', 1, 0),
(199, 33, 24, 3, 2, 33, '2015-02-14', 1, 0),
(200, 31, 23, 0, 3, 23, '2015-02-14', 1, 0),
(201, 34, 1, 0, 3, 1, '2015-02-14', 1, 0),
(202, 33, 23, 0, 3, 23, '2015-02-14', 1, 0),
(203, 7, 17, 3, 1, 7, '2015-02-21', 1, 0),
(204, 55, 18, 0, 3, 18, '2015-02-21', 1, 0),
(205, 8, 19, 0, 3, 19, '2015-02-21', 1, 0),
(206, 7, 18, 0, 3, 18, '2015-02-21', 1, 0),
(207, 25, 42, 3, 2, 25, '2015-02-21', 1, 0),
(209, 26, 12, 0, 3, 12, '2015-02-21', 1, 0),
(210, 35, 10, 0, 3, 10, '2015-02-21', 1, 0),
(211, 25, 12, 0, 3, 12, '2015-02-21', 1, 0),
(212, 5, 30, 3, 1, 5, '2015-02-21', 1, 0),
(213, 3, 52, 2, 3, 52, '2015-02-21', 1, 0),
(214, 48, 29, 2, 3, 29, '2015-02-21', 1, 0),
(215, 5, 52, 3, 1, 5, '2015-02-21', 1, 0),
(216, 32, 13, 0, 3, 13, '2015-02-21', 1, 0),
(217, 51, 15, 0, 3, 15, '2015-02-21', 1, 0),
(218, 56, 47, 0, 3, 47, '2015-02-21', 1, 0),
(219, 20, 1, 3, 2, 20, '2015-02-21', 1, 0),
(220, 39, 23, 0, 3, 23, '2015-02-21', 1, 0),
(221, 37, 40, 3, 2, 37, '2015-02-21', 1, 0),
(222, 20, 23, 0, 3, 23, '2015-02-21', 1, 0),
(223, 7, 35, 3, 0, 7, '2015-03-07', 1, 0),
(224, 8, 25, 0, 3, 25, '2015-03-07', 1, 0),
(225, 9, 26, 0, 3, 26, '2015-03-07', 1, 0),
(226, 7, 25, 3, 0, 7, '2015-03-07', 1, 0),
(228, 28, 17, 0, 3, 17, '2015-03-07', 1, 0),
(229, 29, 18, 0, 3, 18, '2015-03-07', 1, 0),
(230, 52, 19, 3, 1, 52, '2015-03-07', 1, 0),
(231, 28, 18, 0, 3, 18, '2015-03-07', 1, 0),
(232, 23, 48, 1, 3, 48, '2015-03-07', 1, 0),
(233, 1, 3, 3, 1, 1, '2015-03-07', 1, 0),
(234, 40, 5, 3, 1, 40, '2015-03-07', 1, 0),
(235, 23, 3, 3, 0, 23, '2015-03-07', 1, 0),
(236, 18, 40, 3, 0, 18, '2015-03-21', 1, 0),
(237, 16, 1, 3, 1, 16, '2015-03-21', 1, 0),
(238, 19, 23, 1, 3, 23, '2015-03-21', 1, 0),
(239, 18, 1, 3, 1, 18, '2015-03-21', 1, 0),
(240, 34, 37, 1, 3, 37, '2015-04-18', 1, 0),
(241, 33, 20, 0, 3, 20, '2015-04-18', 1, 0),
(242, 31, 39, 3, 2, 31, '2015-04-18', 1, 0),
(243, 34, 20, 2, 3, 20, '2015-04-18', 1, 0),
(244, 20, 55, 3, 0, 20, '2015-04-25', 1, 0),
(245, 37, 7, 3, 2, 37, '2015-04-25', 1, 0),
(246, 57, 9, 3, 0, 57, '2015-04-25', 1, 0),
(247, 58, 11, 3, 0, 58, '2014-12-07', 2, 0),
(248, 58, 59, 3, 0, 58, '2014-12-07', 2, 0),
(249, 11, 59, 3, 1, 11, '2014-12-07', 2, 0),
(250, 60, 23, 3, 0, 60, '2014-12-07', 2, 0),
(251, 60, 61, 3, 0, 60, '2014-12-07', 2, 0),
(252, 23, 61, 3, 1, 23, '2014-12-07', 2, 0),
(253, 62, 1, 3, 0, 62, '2014-12-07', 2, 0),
(254, 63, 64, 2, 3, 64, '2014-12-07', 2, 0),
(255, 63, 22, 0, 3, 22, '2014-12-07', 2, 0),
(256, 64, 22, 1, 3, 22, '2014-12-07', 2, 0),
(257, 65, 66, 3, 0, 65, '2014-12-07', 2, 0),
(258, 65, 67, 3, 0, 65, '2014-12-07', 2, 0),
(259, 66, 67, 0, 3, 67, '2014-12-07', 2, 0),
(260, 68, 69, 3, 1, 68, '2014-12-07', 2, 0),
(261, 68, 3, 3, 1, 68, '2014-12-07', 2, 0),
(262, 69, 3, 3, 0, 69, '2014-12-07', 2, 0),
(263, 70, 5, 3, 1, 70, '2014-12-07', 2, 0),
(264, 70, 25, 3, 0, 70, '2014-12-07', 2, 0),
(265, 5, 25, 2, 3, 25, '2014-12-07', 2, 0),
(266, 71, 72, 0, 3, 72, '2014-12-07', 2, 0),
(267, 15, 7, 2, 3, 7, '2014-12-07', 2, 0),
(268, 74, 75, 3, 1, 74, '2014-12-07', 2, 0),
(269, 74, 36, 3, 0, 74, '2014-12-07', 2, 0),
(270, 75, 36, 3, 0, 75, '2014-12-07', 2, 0),
(271, 76, 20, 0, 3, 20, '2014-12-07', 2, 0),
(272, 76, 28, 1, 3, 28, '2014-12-07', 2, 0),
(273, 20, 28, 3, 2, 20, '2014-12-07', 2, 0),
(274, 77, 78, 3, 1, 77, '2014-12-07', 2, 0),
(275, 77, 29, 3, 2, 77, '2014-12-07', 2, 0),
(276, 78, 29, 3, 2, 78, '2014-12-07', 2, 0),
(277, 79, 80, 3, 0, 79, '2014-12-07', 2, 0),
(278, 79, 4, 3, 0, 79, '2014-12-07', 2, 0),
(279, 80, 4, 3, 0, 80, '2014-12-07', 2, 0),
(280, 81, 21, 3, 2, 81, '2014-12-07', 2, 0),
(281, 81, 82, 3, 0, 81, '2014-12-07', 2, 0),
(282, 21, 82, 3, 0, 21, '2014-12-07', 2, 0),
(283, 83, 84, 3, 1, 83, '2014-12-07', 2, 0),
(284, 83, 85, 3, 0, 83, '2014-12-07', 2, 0),
(285, 84, 85, 3, 2, 84, '2014-12-07', 2, 0),
(286, 86, 87, 3, 0, 86, '2014-12-07', 2, 0),
(287, 86, 48, 3, 0, 86, '2014-12-07', 2, 0),
(288, 87, 48, 1, 3, 48, '2014-12-07', 2, 0),
(289, 58, 64, 3, 0, 58, '2014-12-07', 2, 0),
(290, 25, 74, 2, 3, 74, '2014-12-07', 2, 0),
(291, 79, 48, 3, 0, 79, '2014-12-07', 2, 0),
(292, 15, 72, 1, 3, 72, '2014-12-07', 2, 0),
(293, 65, 78, 3, 0, 65, '2014-12-07', 2, 0),
(294, 69, 20, 3, 1, 69, '2014-12-07', 2, 0),
(295, 81, 84, 3, 0, 81, '2014-12-07', 2, 0),
(296, 23, 62, 1, 3, 62, '2014-12-07', 2, 0),
(297, 22, 1, 1, 3, 1, '2014-12-07', 2, 0),
(298, 11, 86, 1, 3, 86, '2014-12-07', 2, 0),
(299, 77, 67, 3, 0, 77, '2014-12-07', 2, 0),
(300, 80, 70, 0, 3, 70, '2014-12-07', 2, 0),
(301, 68, 28, 3, 0, 68, '2014-12-07', 2, 0),
(302, 71, 83, 3, 2, 71, '2014-12-07', 2, 0),
(303, 7, 21, 0, 3, 21, '2014-12-07', 2, 0),
(304, 75, 60, 0, 3, 60, '2014-12-07', 2, 0),
(305, 58, 74, 3, 0, 58, '2014-12-07', 2, 0),
(306, 79, 72, 3, 0, 79, '2014-12-07', 2, 0),
(307, 65, 69, 3, 0, 65, '2014-12-07', 2, 0),
(308, 62, 81, 3, 0, 62, '2014-12-07', 2, 0),
(309, 86, 1, 3, 1, 86, '2014-12-07', 2, 0),
(310, 77, 70, 1, 3, 70, '2014-12-07', 2, 0),
(311, 68, 71, 3, 1, 68, '2014-12-07', 2, 0),
(312, 21, 60, 1, 3, 60, '2014-12-07', 2, 0),
(313, 58, 79, 3, 1, 58, '2014-12-07', 2, 0),
(314, 65, 62, 3, 0, 65, '2014-12-07', 2, 0),
(315, 86, 70, 2, 3, 70, '2014-12-07', 2, 0),
(316, 68, 60, 2, 3, 60, '2014-12-07', 2, 0),
(317, 58, 65, 3, 1, 58, '2014-12-07', 2, 0),
(318, 70, 60, 0, 3, 60, '2014-12-07', 2, 0),
(319, 65, 70, 1, 3, 70, '2014-12-07', 2, 0),
(320, 58, 60, 3, 1, 58, '2014-12-07', 2, 0),
(321, 11, 1, 3, 0, 11, '2013-11-16', 1, 0),
(322, 40, 23, 1, 3, 23, '2013-11-16', 1, 0),
(323, 12, 24, 3, 0, 12, '2013-11-16', 1, 0),
(324, 75, 7, 0, 3, 7, '2013-11-16', 1, 0),
(325, 78, 88, 3, 0, 78, '2013-11-16', 1, 0),
(326, 80, 41, 0, 3, 41, '2013-11-16', 1, 0),
(327, 71, 64, 3, 0, 71, '2013-11-16', 1, 0),
(328, 21, 90, 3, 0, 21, '2013-11-16', 1, 0),
(329, 30, 26, 3, 2, 30, '2013-11-16', 1, 0),
(330, 43, 92, 3, 2, 43, '2013-11-16', 1, 0),
(331, 94, 4, 3, 0, 94, '2013-11-16', 1, 0),
(332, 22, 3, 3, 0, 22, '2013-11-16', 1, 0),
(333, 1, 30, 3, 0, 1, '2013-11-23', 1, 0),
(334, 23, 29, 3, 2, 23, '2013-11-23', 1, 0),
(335, 8, 95, 0, 3, 95, '2013-11-23', 1, 0),
(336, 89, 64, 3, 0, 89, '2013-11-23', 1, 0),
(337, 7, 90, 3, 0, 7, '2013-11-23', 1, 0),
(338, 76, 94, 1, 3, 94, '2013-11-23', 1, 0),
(339, 78, 37, 3, 0, 78, '2013-11-23', 1, 0),
(340, 75, 57, 3, 1, 75, '2013-11-23', 1, 0),
(341, 64, 26, 3, 1, 64, '2013-11-30', 1, 0),
(342, 13, 77, 1, 3, 77, '2013-11-30', 1, 0),
(343, 90, 48, 0, 3, 48, '2013-11-30', 1, 0),
(344, 43, 3, 3, 1, 43, '2013-11-30', 1, 0),
(345, 28, 93, 3, 1, 28, '2013-11-30', 1, 0),
(346, 30, 96, 3, 0, 30, '2013-11-30', 1, 0),
(347, 20, 7, 0, 3, 7, '2013-11-30', 1, 0),
(348, 22, 88, 3, 0, 22, '2013-11-30', 1, 0),
(349, 57, 89, 1, 3, 89, '2013-11-30', 1, 0),
(350, 11, 78, 3, 2, 11, '2013-11-30', 1, 0),
(351, 12, 76, 3, 1, 12, '2013-11-30', 1, 0),
(352, 39, 11, 0, 3, 11, '2013-12-07', 1, 0),
(353, 22, 12, 0, 3, 12, '2013-12-07', 1, 0),
(354, 20, 97, 0, 3, 97, '2013-12-07', 1, 0),
(355, 88, 48, 0, 3, 48, '2013-12-07', 1, 0),
(356, 89, 26, 3, 0, 89, '2013-12-07', 1, 0),
(357, 7, 83, 3, 2, 7, '2013-12-07', 1, 0),
(358, 88, 26, 0, 3, 26, '2013-12-07', 1, 0),
(359, 23, 13, 3, 1, 23, '2013-12-07', 1, 0),
(360, 24, 64, 1, 3, 64, '2013-12-07', 1, 0),
(361, 12, 8, 3, 0, 12, '2014-01-11', 1, 0),
(362, 11, 7, 2, 3, 7, '2014-01-11', 1, 0),
(363, 40, 89, 3, 0, 40, '2014-01-11', 1, 0),
(364, 71, 75, 3, 0, 71, '2014-01-11', 1, 0),
(365, 21, 76, 0, 3, 76, '2014-01-11', 1, 0),
(366, 69, 78, 3, 1, 69, '2014-01-11', 1, 0),
(367, 71, 22, 3, 1, 71, '2014-01-18', 1, 0),
(368, 21, 94, 2, 3, 94, '2014-01-18', 1, 0),
(369, 69, 20, 3, 0, 69, '2014-01-18', 1, 0),
(370, 3, 91, 3, 1, 3, '2014-01-18', 1, 0),
(371, 4, 26, 2, 3, 26, '2014-01-18', 1, 0),
(372, 12, 43, 3, 0, 12, '2014-01-18', 1, 0),
(373, 11, 30, 3, 0, 11, '2014-01-18', 1, 0),
(374, 98, 89, 0, 3, 89, '2014-02-08', 1, 0),
(375, 28, 8, 3, 0, 28, '2014-02-08', 1, 0),
(376, 43, 7, 0, 3, 7, '2014-02-08', 1, 0),
(377, 71, 97, 3, 0, 71, '2014-02-08', 1, 0),
(378, 21, 12, 1, 3, 12, '2014-02-08', 1, 0),
(379, 99, 11, 3, 1, 99, '2014-02-08', 1, 0),
(380, 43, 71, 0, 3, 71, '2014-02-15', 1, 0),
(381, 80, 24, 3, 1, 80, '2014-02-15', 1, 0),
(382, 78, 23, 3, 2, 78, '2014-02-15', 1, 0),
(383, 8, 3, 0, 3, 3, '2014-02-15', 1, 0),
(384, 89, 96, 3, 0, 89, '2014-02-15', 1, 0),
(385, 7, 100, 3, 1, 7, '2014-02-15', 1, 0),
(386, 101, 91, 3, 1, 101, '2014-02-15', 1, 0),
(387, 22, 77, 0, 3, 77, '2014-02-15', 1, 0),
(388, 102, 48, 0, 3, 48, '2014-02-15', 1, 0),
(389, 101, 77, 2, 3, 77, '2014-02-15', 1, 0),
(390, 11, 103, 3, 0, 11, '2014-02-15', 1, 0),
(391, 12, 90, 3, 1, 12, '2014-02-15', 1, 0),
(392, 71, 8, 3, 0, 71, '2014-02-22', 1, 0),
(393, 21, 89, 3, 0, 21, '2014-02-22', 1, 0),
(394, 90, 29, 3, 0, 90, '2014-02-22', 1, 0),
(395, 64, 30, 3, 2, 64, '2014-02-22', 1, 0),
(396, 96, 22, 0, 3, 22, '2014-03-08', 1, 0),
(397, 3, 94, 2, 3, 94, '2014-03-08', 1, 0),
(398, 8, 78, 0, 3, 78, '2014-03-08', 1, 0),
(399, 89, 75, 3, 0, 89, '2014-03-08', 1, 0),
(400, 7, 80, 3, 0, 7, '2014-03-08', 1, 0),
(401, 23, 11, 1, 3, 11, '2014-03-08', 1, 0),
(402, 1, 97, 3, 0, 1, '2014-03-08', 1, 0),
(403, 90, 71, 0, 3, 71, '2014-03-08', 1, 0),
(404, 103, 69, 0, 3, 69, '2014-03-08', 1, 0),
(405, 20, 78, 2, 3, 78, '2014-03-22', 1, 0),
(406, 94, 76, 3, 0, 94, '2014-03-22', 1, 0),
(407, 22, 75, 0, 3, 75, '2014-03-22', 1, 0),
(408, 20, 76, 1, 3, 76, '2014-03-22', 1, 0),
(409, 12, 3, 3, 1, 12, '2014-03-22', 1, 0),
(410, 11, 104, 3, 0, 11, '2014-03-22', 1, 0),
(411, 90, 89, 3, 0, 90, '2014-03-22', 1, 0),
(412, 103, 88, 3, 0, 103, '2014-03-22', 1, 0),
(413, 13, 7, 0, 3, 7, '2014-03-22', 1, 0),
(414, 90, 88, 3, 0, 90, '2014-03-22', 1, 0),
(415, 98, 1, 0, 3, 1, '2014-03-22', 1, 0),
(416, 105, 23, 0, 3, 23, '2014-03-22', 1, 0),
(417, 96, 28, 0, 3, 28, '2014-03-29', 1, 0),
(418, 3, 29, 3, 0, 3, '2014-03-29', 1, 0),
(419, 4, 30, 3, 0, 4, '2014-03-29', 1, 0),
(420, 24, 71, 1, 3, 71, '2014-03-29', 1, 0),
(421, 23, 69, 0, 3, 69, '2014-03-29', 1, 0),
(422, 28, 80, 1, 3, 80, '2014-04-05', 1, 0),
(423, 43, 78, 0, 3, 78, '2014-04-05', 1, 0),
(424, 11, 22, 3, 1, 11, '2014-04-05', 1, 0),
(425, 97, 20, 3, 1, 97, '2014-04-05', 1, 0),
(426, 12, 37, 3, 0, 12, '2014-04-05', 1, 0),
(427, 77, 7, 0, 3, 7, '2014-04-05', 1, 0),
(428, 26, 88, 3, 0, 26, '2014-04-05', 1, 0),
(429, 90, 24, 3, 1, 90, '2014-04-05', 1, 0),
(430, 13, 23, 0, 3, 23, '2014-04-05', 1, 0),
(431, 64, 1, 0, 3, 1, '2014-04-05', 1, 0),
(432, 3, 13, 1, 3, 13, '2014-04-12', 1, 0),
(433, 96, 64, 0, 3, 64, '2014-04-12', 1, 0),
(434, 20, 30, 3, 2, 20, '2014-04-12', 1, 0),
(435, 22, 28, 3, 0, 22, '2014-04-12', 1, 0),
(436, 23, 91, 3, 0, 23, '2014-04-12', 1, 0),
(437, 24, 106, 3, 0, 24, '2014-04-12', 1, 0),
(438, 107, 10, 0, 3, 10, '2014-04-19', 1, 0),
(439, 28, 12, 0, 3, 12, '2014-04-19', 1, 0),
(440, 23, 7, 1, 3, 7, '2014-04-19', 1, 0),
(441, 24, 108, 3, 0, 24, '2014-04-19', 1, 0),
(442, 1, 88, 3, 0, 1, '2014-04-19', 1, 0),
(443, 13, 75, 1, 3, 75, '2014-04-19', 1, 0),
(444, 95, 78, 0, 3, 78, '2014-04-19', 1, 0),
(445, 11, 71, 2, 3, 71, '2014-04-26', 1, 0),
(446, 12, 69, 1, 3, 69, '2014-04-26', 1, 0),
(447, 8, 29, 0, 3, 29, '2014-04-26', 1, 0),
(448, 7, 30, 3, 0, 7, '2014-04-26', 1, 0),
(449, 88, 28, 0, 3, 28, '2014-04-26', 1, 0),
(450, 8, 30, 0, 3, 30, '2014-04-26', 1, 0),
(451, 20, 13, 3, 0, 20, '2014-04-26', 1, 0),
(452, 22, 64, 3, 1, 22, '2014-04-26', 1, 0),
(453, 90, 12, 0, 3, 12, '2014-05-03', 1, 0),
(454, 13, 11, 3, 0, 13, '2014-05-03', 1, 0),
(455, 95, 97, 0, 3, 97, '2014-05-03', 1, 0),
(456, 96, 7, 0, 3, 7, '2014-05-03', 1, 0),
(457, 3, 88, 3, 1, 3, '2014-05-03', 1, 0),
(458, 4, 109, 3, 0, 4, '2014-05-03', 1, 0),
(459, 106, 39, 0, 3, 39, '2014-05-03', 1, 0),
(460, 77, 22, 3, 0, 77, '2014-05-03', 1, 0),
(461, 26, 37, 0, 3, 37, '2014-05-03', 1, 0),
(462, 21, 30, 3, 0, 21, '2014-05-03', 1, 0),
(463, 71, 43, 3, 0, 71, '2014-05-03', 1, 0),
(464, 23, 80, 3, 1, 23, '2014-05-03', 1, 0),
(465, 24, 75, 1, 3, 75, '2014-05-03', 1, 0),
(466, 1, 76, 3, 1, 1, '2014-05-03', 1, 0),
(467, 75, 3, 3, 1, 75, '2014-05-17', 1, 0),
(468, 76, 96, 3, 0, 76, '2014-05-17', 1, 0),
(469, 30, 110, 1, 3, 110, '2014-05-17', 1, 0),
(470, 38, 13, 0, 3, 13, '2014-05-17', 1, 0),
(471, 39, 24, 2, 3, 24, '2014-05-17', 1, 0),
(472, 22, 23, 2, 3, 23, '2014-05-17', 1, 0),
(473, 37, 1, 3, 2, 37, '2014-05-17', 1, 0),
(474, 39, 23, 0, 3, 23, '2014-05-17', 1, 0),
(475, 112, 79, 3, 0, 112, '2015-04-11', 4, 0),
(476, 111, 60, 0, 3, 60, '2015-04-11', 4, 0),
(477, 113, 58, 1, 3, 58, '2015-04-11', 4, 0),
(478, 112, 60, 2, 3, 60, '2015-04-11', 4, 0),
(479, 114, 117, 0, 3, 117, '2015-04-11', 3, 0),
(480, 115, 119, 3, 1, 115, '2015-04-11', 3, 0),
(481, 116, 118, 3, 0, 116, '2015-04-11', 3, 0),
(482, 114, 119, 3, 2, 114, '2015-04-11', 3, 0),
(483, 27, 22, 0, 3, 22, '2015-04-11', 3, 0),
(484, 73, 20, 1, 3, 20, '2015-04-11', 3, 0),
(485, 84, 21, 0, 3, 21, '2015-04-11', 3, 0),
(486, 81, 66, 3, 0, 81, '2015-04-11', 3, 0),
(487, 77, 75, 0, 3, 75, '2015-04-11', 3, 0),
(488, 83, 76, 3, 0, 83, '2015-04-11', 3, 0),
(489, 81, 75, 3, 0, 81, '2015-04-11', 3, 0),
(490, 83, 120, 3, 0, 83, '2014-09-20', 5, 0),
(491, 78, 46, 3, 0, 78, '2014-09-20', 5, 0),
(492, 78, 22, 3, 2, 78, '2014-09-20', 5, 0),
(493, 46, 22, 0, 3, 22, '2014-09-20', 5, 0),
(494, 86, 121, 3, 0, 86, '2014-09-20', 5, 0),
(495, 61, 122, 3, 0, 61, '2014-09-20', 5, 0),
(496, 61, 123, 3, 1, 61, '2014-09-20', 5, 0),
(497, 122, 123, 0, 3, 123, '2014-09-20', 5, 0),
(498, 21, 124, 3, 0, 21, '2014-09-20', 5, 0),
(499, 21, 125, 3, 0, 21, '2014-09-20', 5, 0),
(500, 124, 125, 1, 3, 125, '2014-09-20', 5, 0),
(501, 62, 85, 3, 0, 62, '2015-02-01', 5, 0),
(502, 62, 36, 3, 0, 62, '2015-02-01', 5, 0),
(503, 85, 36, 3, 0, 85, '2015-02-01', 5, 0),
(504, 71, 48, 3, 1, 71, '2015-02-01', 5, 0),
(505, 70, 59, 3, 0, 70, '2015-02-01', 5, 0),
(506, 5, 20, 3, 0, 5, '2015-02-01', 5, 0),
(507, 81, 66, 3, 0, 81, '2015-02-01', 5, 0),
(508, 81, 56, 3, 0, 81, '2015-02-01', 5, 0),
(509, 66, 56, 3, 0, 66, '2015-02-01', 5, 0),
(510, 83, 67, 3, 0, 83, '2015-02-01', 5, 0),
(511, 83, 47, 3, 0, 83, '2015-02-01', 5, 0),
(512, 67, 47, 3, 0, 67, '2015-02-01', 5, 0),
(513, 64, 3, 2, 3, 3, '2015-02-01', 5, 0),
(514, 31, 23, 1, 3, 23, '2015-02-01', 5, 0),
(515, 31, 61, 3, 1, 31, '2015-02-01', 5, 0),
(516, 23, 61, 3, 1, 23, '2015-02-01', 5, 0),
(517, 76, 1, 1, 3, 1, '2015-02-01', 5, 0),
(518, 76, 4, 3, 2, 76, '2015-02-01', 5, 0),
(519, 1, 4, 3, 0, 1, '2015-02-01', 5, 0),
(520, 20, 34, 2, 3, 34, '2015-02-01', 5, 0),
(521, 20, 35, 3, 0, 35, '2015-02-01', 5, 0),
(522, 34, 35, 3, 0, 34, '2015-02-01', 5, 0),
(523, 77, 33, 3, 0, 77, '2015-02-01', 5, 0),
(524, 84, 87, 2, 3, 87, '2015-02-01', 5, 0),
(525, 84, 82, 3, 0, 84, '2015-02-01', 5, 0),
(526, 87, 82, 3, 0, 87, '2015-02-01', 5, 0),
(527, 5, 66, 3, 0, 5, '2015-02-01', 5, 0),
(528, 15, 33, 3, 0, 15, '2015-02-01', 5, 0),
(529, 87, 3, 1, 3, 3, '2015-02-01', 5, 0),
(530, 31, 1, 0, 3, 1, '2015-02-01', 5, 0),
(531, 62, 5, 3, 0, 62, '2015-02-01', 5, 0),
(532, 15, 3, 3, 0, 15, '2015-02-01', 5, 0),
(533, 83, 1, 3, 0, 83, '2015-02-01', 5, 0),
(534, 62, 15, 3, 2, 62, '2015-02-01', 5, 0),
(535, 83, 70, 0, 3, 83, '2015-02-01', 5, 0),
(536, 70, 71, 3, 1, 70, '2015-02-01', 5, 0),
(537, 34, 85, 1, 3, 85, '2015-02-01', 5, 0),
(538, 23, 67, 3, 0, 23, '2015-02-01', 5, 0),
(539, 64, 59, 0, 3, 59, '2015-02-01', 5, 0),
(540, 85, 81, 0, 3, 81, '2015-02-01', 5, 0),
(541, 59, 71, 0, 3, 71, '2015-02-01', 5, 0),
(542, 22, 37, 2, 3, 37, '2015-02-28', 5, 0),
(543, 22, 75, 3, 0, 22, '2015-02-28', 5, 0),
(544, 22, 11, 1, 3, 11, '2015-02-28', 5, 0),
(545, 22, 121, 3, 0, 22, '2015-02-28', 5, 0),
(546, 37, 121, 3, 0, 37, '2015-02-28', 5, 0),
(547, 75, 121, 3, 2, 75, '2015-02-28', 5, 0),
(548, 11, 121, 3, 2, 11, '2015-02-28', 5, 0),
(549, 75, 11, 1, 3, 11, '2015-02-28', 5, 0),
(550, 37, 75, 3, 2, 37, '2015-02-28', 5, 0),
(551, 37, 11, 0, 3, 11, '2015-02-28', 5, 0),
(552, 123, 101, 1, 3, 101, '2015-02-28', 5, 0),
(553, 123, 126, 3, 0, 123, '2015-02-28', 5, 0),
(554, 123, 42, 0, 3, 42, '2015-02-28', 5, 0),
(555, 123, 44, 3, 0, 123, '2015-02-28', 5, 0),
(556, 101, 126, 3, 1, 101, '2015-02-28', 5, 0),
(557, 101, 42, 0, 3, 42, '2015-02-28', 5, 0),
(558, 101, 44, 3, 1, 101, '2015-02-28', 5, 0),
(559, 126, 42, 0, 3, 42, '2015-02-28', 5, 0),
(560, 126, 44, 2, 3, 44, '2015-02-28', 5, 0),
(561, 42, 44, 3, 2, 42, '2015-02-28', 5, 0),
(562, 127, 46, 3, 2, 127, '2015-02-28', 5, 0),
(563, 127, 125, 3, 0, 127, '2015-02-28', 5, 0),
(564, 127, 26, 0, 3, 26, '2015-02-28', 5, 0),
(565, 127, 128, 1, 3, 128, '2015-02-28', 5, 0),
(566, 46, 125, 3, 0, 46, '2015-02-28', 5, 0),
(567, 46, 26, 0, 3, 26, '2015-02-28', 5, 0),
(568, 46, 128, 1, 3, 128, '2015-02-28', 5, 0),
(569, 125, 128, 0, 3, 128, '2015-02-28', 5, 0),
(570, 125, 26, 0, 3, 26, '2015-02-28', 5, 0),
(571, 26, 128, 3, 1, 26, '2015-02-28', 5, 0),
(572, 62, 70, 2, 3, 70, '2015-02-28', 5, 0),
(573, 62, 15, 3, 1, 62, '2015-02-28', 5, 0),
(574, 62, 81, 3, 0, 62, '2015-02-28', 5, 0),
(575, 70, 15, 3, 1, 70, '2015-02-28', 5, 0),
(576, 70, 81, 3, 0, 70, '2015-02-28', 5, 0),
(577, 15, 81, 3, 1, 15, '2015-02-28', 5, 0),
(578, 83, 77, 3, 0, 83, '2015-02-28', 5, 0),
(579, 83, 21, 3, 1, 83, '2015-02-28', 5, 0),
(580, 83, 69, 3, 2, 83, '2015-02-28', 5, 0),
(581, 83, 5, 3, 0, 83, '2015-02-28', 5, 0),
(582, 83, 23, 3, 0, 83, '2015-02-28', 5, 0),
(583, 77, 23, 3, 2, 77, '2015-02-28', 5, 0),
(584, 77, 21, 0, 3, 21, '2015-02-28', 5, 0),
(585, 77, 69, 0, 3, 69, '2015-02-28', 5, 0),
(586, 77, 5, 3, 0, 77, '2015-02-28', 5, 0),
(587, 21, 5, 3, 1, 21, '2015-02-28', 5, 0),
(588, 21, 23, 3, 1, 21, '2015-02-28', 5, 0),
(589, 21, 69, 1, 3, 69, '2015-02-28', 5, 0),
(590, 69, 5, 3, 0, 69, '2015-02-28', 5, 0),
(591, 69, 23, 3, 0, 69, '2015-02-28', 5, 0),
(592, 5, 23, 0, 3, 23, '2015-02-28', 5, 0),
(593, 48, 73, 3, 1, 48, '2015-02-28', 5, 0),
(594, 48, 76, 1, 3, 76, '2015-02-28', 5, 0),
(595, 48, 87, 3, 0, 48, '2015-02-28', 5, 0),
(596, 73, 76, 3, 2, 73, '2015-02-28', 5, 0),
(597, 73, 87, 3, 1, 73, '2015-02-28', 5, 0),
(598, 76, 87, 3, 1, 76, '2015-02-28', 5, 0),
(599, 20, 67, 3, 0, 20, '2015-02-28', 5, 0),
(600, 20, 1, 0, 3, 1, '2015-02-28', 5, 0),
(601, 20, 85, 3, 2, 20, '2015-02-28', 5, 0),
(602, 20, 84, 3, 0, 20, '2015-02-28', 5, 0),
(603, 67, 1, 3, 0, 1, '2015-02-28', 5, 0),
(604, 67, 85, 0, 3, 85, '2015-02-28', 5, 0),
(605, 67, 84, 0, 3, 84, '2015-02-28', 5, 0),
(606, 1, 85, 3, 2, 1, '2015-02-28', 5, 0),
(607, 1, 84, 3, 1, 1, '2015-02-28', 5, 0),
(608, 85, 84, 3, 0, 85, '2015-02-28', 5, 0),
(609, 59, 3, 3, 0, 59, '2015-02-28', 5, 0),
(610, 59, 28, 3, 1, 59, '2015-02-28', 5, 0),
(611, 59, 25, 0, 3, 25, '2015-02-28', 5, 0),
(612, 59, 64, 3, 2, 59, '2015-02-28', 5, 0),
(613, 3, 28, 3, 0, 3, '2015-02-28', 5, 0),
(614, 3, 25, 0, 3, 25, '2015-02-28', 5, 0),
(615, 3, 64, 3, 2, 3, '2015-02-28', 5, 0),
(616, 28, 25, 0, 3, 25, '2015-02-28', 5, 0),
(617, 28, 64, 1, 3, 64, '2015-02-28', 5, 0),
(618, 25, 64, 3, 2, 25, '2015-02-28', 5, 0),
(619, 66, 129, 1, 3, 129, '2015-02-28', 5, 0),
(620, 66, 36, 3, 0, 66, '2015-02-28', 5, 0),
(621, 66, 82, 3, 0, 66, '2015-02-28', 5, 0),
(622, 129, 36, 3, 0, 129, '2015-02-28', 5, 0),
(623, 129, 82, 3, 0, 129, '2015-02-28', 5, 0),
(624, 36, 82, 3, 0, 36, '2015-02-28', 5, 0),
(625, 130, 71, 3, 2, 130, '2015-01-30', 3, 0),
(626, 22, 69, 1, 3, 69, '2015-01-30', 3, 0),
(627, 21, 70, 1, 3, 70, '2015-01-30', 3, 0),
(628, 130, 69, 3, 2, 130, '2015-01-30', 3, 0),
(629, 75, 115, 0, 3, 115, '2015-01-30', 3, 0),
(630, 64, 114, 1, 3, 114, '2015-01-30', 3, 0),
(631, 76, 116, 1, 3, 116, '2015-01-30', 3, 0),
(632, 86, 115, 1, 3, 115, '2015-01-10', 3, 0),
(633, 73, 114, 3, 1, 73, '2015-01-10', 3, 0),
(634, 84, 116, 0, 3, 116, '2015-01-10', 3, 0),
(635, 86, 114, 2, 3, 114, '2015-01-10', 3, 0),
(636, 81, 70, 0, 3, 70, '2015-01-10', 3, 0),
(637, 77, 71, 1, 3, 71, '2015-01-10', 3, 0),
(638, 81, 71, 0, 3, 71, '2015-01-10', 3, 0),
(639, 75, 22, 3, 2, 75, '2015-01-10', 3, 0),
(640, 78, 130, 0, 3, 130, '2015-01-10', 3, 0),
(641, 76, 21, 0, 3, 21, '2015-01-10', 3, 0),
(642, 75, 130, 1, 3, 130, '2015-01-10', 3, 0),
(643, 63, 119, 3, 0, 63, '2015-01-10', 3, 0),
(644, 87, 34, 3, 0, 87, '2015-01-10', 3, 0),
(645, 74, 117, 3, 1, 74, '2015-01-10', 3, 0),
(646, 131, 112, 0, 3, 112, '2014-12-14', 4, 0),
(647, 132, 134, 0, 3, 134, '2014-12-14', 4, 0),
(648, 133, 111, 0, 3, 111, '2014-12-14', 4, 0),
(649, 135, 112, 3, 2, 135, '2014-12-13', 4, 0),
(650, 136, 113, 2, 3, 113, '2014-12-13', 4, 0),
(651, 137, 111, 3, 2, 137, '2014-12-13', 4, 0),
(652, 135, 113, 3, 0, 135, '2014-12-13', 4, 0),
(653, 75, 87, 3, 0, 75, '2014-12-06', 3, 0),
(654, 78, 63, 0, 3, 63, '2014-12-06', 3, 0),
(656, 76, 74, 0, 3, 74, '2014-12-06', 3, 0),
(657, 75, 63, 1, 3, 63, '2014-12-06', 3, 0),
(658, 83, 22, 3, 0, 83, '2014-12-06', 3, 0),
(659, 77, 130, 0, 3, 130, '2014-12-06', 3, 0),
(660, 83, 130, 0, 3, 130, '2014-12-06', 3, 0),
(661, 69, 73, 3, 0, 69, '2014-12-06', 3, 0),
(662, 71, 86, 3, 0, 71, '2014-12-06', 3, 0),
(663, 70, 84, 3, 0, 70, '2014-12-06', 3, 0),
(664, 75, 81, 0, 3, 81, '2014-11-29', 3, 0),
(665, 76, 83, 0, 3, 83, '2014-11-29', 3, 0),
(666, 80, 77, 0, 3, 77, '2014-11-29', 3, 0),
(667, 119, 115, 2, 3, 115, '2014-11-29', 3, 0),
(668, 34, 116, 2, 3, 116, '2014-11-29', 3, 0),
(669, 119, 62, 0, 3, 62, '2014-11-12', 3, 0),
(670, 118, 70, 1, 3, 70, '2014-11-12', 3, 0),
(671, 117, 71, 0, 3, 71, '2014-11-12', 3, 0),
(672, 86, 78, 3, 0, 86, '2014-11-12', 3, 0),
(673, 73, 75, 0, 3, 75, '2014-11-12', 3, 0),
(674, 84, 80, 3, 0, 84, '2014-11-12', 3, 0),
(675, 86, 75, 1, 3, 75, '2014-11-12', 3, 0),
(676, 75, 138, 0, 3, 138, '2014-11-15', 3, 0),
(677, 78, 68, 1, 3, 68, '2014-11-15', 3, 0),
(678, 80, 11, 1, 3, 11, '2014-11-15', 3, 0),
(679, 77, 86, 2, 3, 86, '2014-11-15', 3, 0),
(680, 81, 73, 3, 0, 81, '2014-11-15', 3, 0),
(681, 83, 86, 3, 0, 83, '2014-11-15', 3, 0),
(682, 130, 34, 3, 0, 130, '2014-11-15', 3, 0),
(683, 22, 139, 3, 1, 22, '2014-11-15', 3, 0),
(684, 21, 119, 2, 3, 119, '2014-11-15', 3, 0),
(685, 130, 139, 3, 0, 130, '2014-11-15', 3, 0),
(686, 68, 77, 3, 2, 68, '2014-11-07', 3, 0),
(687, 138, 83, 3, 0, 138, '2014-11-07', 3, 0),
(688, 140, 81, 1, 3, 81, '2014-11-07', 3, 0),
(689, 68, 83, 3, 0, 68, '2014-11-07', 3, 0),
(690, 114, 62, 0, 3, 62, '2014-11-07', 3, 0),
(691, 115, 71, 0, 3, 71, '2014-11-07', 3, 0),
(692, 116, 70, 0, 3, 70, '2014-11-07', 3, 0),
(693, 114, 80, 2, 3, 80, '2014-10-18', 3, 0),
(694, 116, 75, 3, 2, 116, '2014-10-18', 3, 0),
(695, 115, 76, 2, 3, 76, '2014-10-18', 3, 0),
(696, 114, 75, 3, 2, 114, '2014-10-18', 3, 0),
(697, 119, 73, 1, 3, 73, '2014-10-18', 3, 0),
(698, 118, 86, 0, 3, 86, '2014-10-18', 3, 0),
(699, 34, 84, 3, 1, 34, '2014-10-18', 3, 0),
(700, 119, 86, 3, 0, 119, '2014-10-18', 3, 0),
(701, 62, 20, 3, 0, 62, '2014-10-18', 3, 0),
(702, 70, 130, 3, 2, 70, '2014-10-18', 3, 0),
(703, 71, 21, 3, 1, 71, '2014-10-18', 3, 0),
(704, 138, 31, 3, 0, 138, '2014-10-11', 3, 0),
(705, 12, 119, 1, 3, 119, '2014-10-11', 3, 0),
(706, 68, 34, 3, 0, 68, '2014-10-11', 3, 0),
(707, 138, 119, 3, 0, 138, '2014-10-11', 3, 0),
(708, 130, 141, 3, 0, 130, '2014-10-11', 3, 0),
(709, 20, 63, 0, 3, 63, '2014-10-11', 3, 0),
(710, 21, 74, 3, 1, 21, '2014-10-11', 3, 0),
(711, 130, 63, 0, 3, 63, '2014-10-11', 3, 0),
(712, 78, 70, 0, 3, 70, '2014-10-11', 3, 0),
(713, 75, 62, 0, 3, 62, '2014-10-11', 3, 0),
(714, 80, 71, 0, 3, 71, '2014-10-11', 3, 0),
(715, 81, 116, 3, 1, 81, '2014-10-11', 3, 0),
(716, 77, 115, 3, 0, 77, '2014-10-11', 3, 0),
(717, 60, 131, 3, 0, 60, '2014-10-05', 4, 0),
(718, 58, 132, 3, 0, 58, '2014-10-05', 4, 0),
(719, 79, 133, 1, 3, 133, '2014-10-05', 4, 0),
(720, 60, 132, 3, 0, 60, '2014-10-05', 4, 0),
(721, 112, 142, 3, 1, 112, '2014-10-05', 4, 0),
(722, 113, 136, 3, 1, 113, '2014-10-05', 4, 0),
(723, 111, 137, 3, 0, 111, '2014-10-05', 4, 0),
(724, 60, 137, 3, 1, 60, '2014-10-04', 4, 0),
(725, 58, 136, 1, 3, 136, '2014-10-04', 4, 0),
(726, 65, 142, 3, 1, 65, '2014-10-04', 4, 0),
(727, 60, 136, 3, 1, 60, '2014-10-04', 4, 0),
(728, 112, 131, 3, 2, 112, '2014-10-04', 4, 0),
(729, 113, 132, 1, 3, 132, '2014-10-04', 4, 0),
(730, 111, 133, 3, 2, 111, '2014-10-04', 4, 0),
(731, 112, 132, 3, 1, 112, '2014-10-04', 4, 0),
(732, 117, 141, 1, 3, 141, '2014-10-04', 3, 0),
(733, 34, 74, 1, 3, 74, '2014-10-04', 3, 0),
(734, 31, 87, 3, 0, 31, '2014-10-04', 3, 0),
(735, 117, 74, 1, 3, 74, '2014-10-04', 3, 0),
(736, 143, 73, 1, 3, 73, '2014-10-04', 3, 0),
(737, 145, 84, 1, 3, 84, '2014-10-04', 3, 0),
(741, 21, 75, 11, 3, 75, '2014-10-04', 3, 0),
(754, 146, 137, 3, 1, 146, '2015-02-22', 4, 0),
(755, 147, 142, 3, 0, 147, '2015-02-22', 4, 0),
(756, 148, 136, 3, 0, 148, '2015-02-22', 4, 0),
(757, 146, 142, 2, 3, 142, '2015-02-22', 4, 0),
(758, 147, 150, 0, 3, 150, '2015-04-11', 4, 0),
(759, 146, 151, 0, 3, 151, '2015-04-11', 4, 0),
(760, 149, 152, 0, 3, 152, '2015-04-11', 4, 0),
(761, 152, 71, 3, 0, 152, '2015-04-03', 4, 0),
(762, 153, 70, 3, 1, 153, '2015-04-03', 4, 0),
(763, 151, 58, 3, 1, 151, '2015-04-03', 4, 0),
(764, 152, 70, 3, 0, 152, '2015-04-03', 4, 0),
(765, 148, 154, 3, 0, 148, '2013-11-19', 4, 0),
(766, 149, 113, 2, 3, 113, '2013-11-19', 4, 0),
(767, 147, 155, 3, 1, 147, '2013-11-19', 4, 0),
(768, 148, 113, 2, 3, 113, '2013-11-19', 4, 0),
(769, 130, 156, 3, 2, 130, '2012-11-17', 4, 0),
(770, 138, 157, 0, 3, 157, '2012-11-17', 4, 0),
(771, 65, 113, 3, 1, 65, '2012-11-17', 4, 0),
(772, 130, 157, 1, 3, 157, '2012-11-17', 4, 0),
(773, 65, 156, 3, 2, 65, '2012-11-17', 4, 0),
(774, 138, 113, 3, 1, 138, '2012-11-17', 4, 0),
(775, 58, 113, 3, 0, 58, '2012-11-17', 4, 0),
(776, 60, 156, 3, 1, 60, '2012-11-17', 4, 0),
(777, 79, 157, 2, 3, 157, '2012-11-17', 4, 0),
(778, 58, 156, 3, 2, 58, '2012-11-17', 4, 0),
(779, 79, 113, 3, 1, 79, '2012-11-17', 4, 0),
(780, 156, 137, 3, 0, 156, '2012-12-01', 4, 0),
(781, 113, 112, 0, 3, 112, '2012-12-01', 4, 0),
(782, 157, 158, 3, 2, 157, '2012-12-01', 4, 0),
(783, 156, 112, 2, 3, 112, '2012-12-01', 4, 0),
(784, 157, 137, 3, 1, 157, '2012-12-01', 4, 0),
(785, 113, 158, 1, 3, 158, '2012-12-01', 4, 0),
(786, 157, 133, 3, 2, 157, '2012-12-02', 4, 0),
(787, 113, 131, 3, 1, 113, '2012-12-02', 4, 0),
(788, 156, 164, 3, 1, 156, '2012-12-02', 4, 0),
(789, 165, 113, 3, 0, 165, '2012-12-08', 4, 0),
(790, 167, 156, 1, 3, 156, '2012-12-08', 4, 0),
(791, 165, 156, 3, 1, 165, '2012-12-08', 4, 0),
(792, 166, 113, 3, 0, 166, '2012-12-08', 4, 0),
(793, 168, 113, 3, 0, 168, '2012-12-15', 4, 0),
(794, 169, 157, 2, 3, 157, '2012-12-15', 4, 0),
(795, 151, 156, 3, 1, 151, '2012-12-15', 4, 0),
(796, 168, 157, 3, 1, 168, '2012-12-15', 4, 0),
(797, 151, 113, 3, 0, 151, '2012-12-15', 4, 0),
(798, 113, 170, 3, 0, 113, '2013-01-12', 4, 0),
(799, 157, 171, 3, 2, 157, '2013-01-12', 4, 0),
(800, 156, 172, 3, 2, 156, '2013-01-12', 4, 0),
(801, 152, 173, 3, 0, 152, '2015-03-01', 6, 0),
(802, 152, 174, 3, 0, 152, '2015-03-01', 6, 0),
(803, 175, 152, 0, 3, 152, '2015-03-01', 6, 0),
(804, 176, 152, 0, 3, 152, '2015-03-01', 6, 0),
(805, 177, 152, 0, 3, 152, '2015-03-01', 6, 0),
(806, 178, 152, 2, 3, 152, '2015-03-01', 6, 0),
(807, 179, 152, 1, 3, 152, '2015-03-01', 6, 0),
(808, 156, 152, 3, 2, 156, '2015-03-01', 6, 0),
(809, 112, 166, 3, 0, 112, '2015-03-22', 4, 0),
(810, 15, 171, 1, 3, 171, '2015-03-22', 4, 0),
(811, 111, 180, 3, 2, 111, '2015-03-22', 4, 0),
(812, 112, 171, 0, 3, 171, '2015-03-22', 4, 0),
(813, 62, 171, 0, 3, 171, '2015-03-22', 4, 0),
(814, 58, 180, 3, 2, 58, '2015-03-22', 4, 0),
(815, 69, 166, 0, 3, 166, '2015-03-22', 4, 0),
(816, 62, 180, 0, 3, 180, '2015-03-22', 4, 0),
(817, 146, 133, 2, 3, 133, '2015-03-22', 4, 0),
(818, 147, 131, 0, 3, 131, '2015-03-22', 4, 0),
(819, 148, 132, 3, 1, 148, '2015-03-22', 4, 0),
(820, 146, 131, 0, 3, 131, '2015-03-22', 4, 0),
(821, 170, 182, 0, 3, 182, '2015-03-22', 4, 0),
(822, 177, 181, 1, 3, 181, '2015-03-22', 4, 0),
(823, 183, 165, 0, 3, 165, '2015-03-22', 4, 0),
(824, 142, 182, 0, 3, 182, '2015-03-22', 4, 0),
(825, 136, 181, 0, 3, 181, '2015-03-22', 4, 0),
(826, 137, 165, 0, 3, 165, '2015-03-22', 4, 0),
(827, 142, 184, 0, 3, 184, '2015-02-28', 6, 0),
(828, 185, 153, 3, 0, 185, '2015-02-28', 6, 0),
(829, 185, 179, 1, 3, 179, '2015-02-28', 6, 0),
(830, 153, 179, 3, 0, 153, '2015-02-28', 6, 0),
(831, 137, 176, 3, 0, 137, '2015-02-28', 6, 0),
(832, 186, 132, 3, 0, 186, '2015-03-01', 6, 0),
(833, 170, 185, 3, 1, 170, '2015-03-01', 6, 0),
(834, 187, 147, 0, 3, 147, '2015-03-01', 6, 0),
(835, 188, 189, 3, 0, 188, '2015-03-01', 6, 0),
(836, 190, 137, 0, 3, 137, '2015-03-01', 6, 0),
(837, 184, 173, 3, 0, 184, '2015-03-01', 6, 0),
(838, 191, 146, 0, 3, 146, '2015-03-01', 6, 0),
(839, 182, 192, 3, 0, 182, '2015-03-01', 6, 0),
(840, 193, 195, 0, 3, 195, '2015-03-01', 6, 0),
(841, 196, 194, 3, 2, 196, '2015-03-01', 6, 0),
(842, 197, 148, 0, 3, 148, '2015-03-01', 6, 0),
(843, 198, 200, 3, 0, 198, '2015-03-01', 6, 0),
(844, 199, 150, 0, 3, 150, '2015-03-01', 6, 0),
(845, 201, 202, 3, 0, 201, '2015-03-01', 6, 0),
(846, 203, 133, 0, 3, 133, '2015-03-01', 6, 0),
(847, 156, 186, 3, 0, 156, '2015-03-01', 6, 0),
(848, 170, 147, 3, 1, 170, '2015-03-01', 6, 0),
(849, 188, 137, 0, 3, 137, '2015-03-01', 6, 0),
(850, 184, 146, 3, 0, 184, '2015-03-01', 6, 0),
(851, 182, 195, 3, 2, 182, '2015-03-01', 6, 0),
(852, 196, 148, 0, 3, 148, '2015-03-01', 6, 0),
(853, 198, 150, 0, 3, 150, '2015-03-01', 6, 0),
(854, 201, 133, 0, 3, 133, '2015-03-01', 6, 0),
(855, 156, 170, 3, 0, 156, '2015-03-01', 6, 0),
(856, 137, 184, 3, 0, 137, '2015-03-01', 6, 0),
(857, 182, 148, 3, 0, 182, '2015-03-01', 6, 0),
(858, 150, 133, 3, 0, 150, '2015-03-01', 6, 0),
(859, 182, 150, 3, 2, 182, '2015-03-01', 6, 0),
(860, 156, 182, 3, 2, 156, '2015-03-01', 6, 0),
(861, 11, 62, 1, 3, 62, '2015-04-14', 3, 0),
(863, 138, 70, 0, 3, 70, '2015-04-14', 3, 0),
(864, 68, 33, 3, 0, 68, '2013-06-22', 5, 0),
(865, 94, 118, 3, 0, 94, '2013-06-22', 5, 0),
(866, 94, 61, 3, 0, 94, '2013-06-22', 5, 0),
(867, 118, 61, 1, 3, 61, '2013-06-22', 5, 0),
(868, 207, 20, 3, 0, 207, '2013-06-22', 5, 0),
(869, 207, 208, 3, 0, 207, '2013-06-22', 5, 0),
(870, 20, 208, 3, 1, 20, '2013-06-22', 5, 0),
(871, 119, 64, 3, 0, 119, '2013-06-22', 5, 0),
(872, 70, 10, 3, 0, 70, '2013-06-22', 5, 0),
(873, 70, 209, 3, 0, 70, '2013-06-22', 5, 0),
(874, 10, 209, 3, 1, 10, '2013-06-22', 5, 0),
(875, 99, 27, 3, 0, 99, '2013-06-22', 5, 0),
(876, 99, 210, 3, 0, 99, '2013-06-22', 5, 0),
(877, 27, 210, 3, 0, 27, '2013-06-22', 5, 0),
(878, 77, 25, 3, 0, 77, '2013-06-22', 5, 0),
(879, 77, 211, 3, 0, 77, '2013-06-22', 5, 0),
(880, 25, 211, 3, 0, 25, '2013-06-22', 5, 0),
(881, 48, 67, 2, 3, 67, '2013-06-22', 5, 0),
(882, 48, 121, 3, 0, 48, '2013-06-22', 5, 0),
(883, 67, 121, 2, 3, 121, '2013-06-22', 5, 0),
(884, 34, 212, 1, 3, 212, '2013-06-22', 5, 0),
(885, 34, 213, 3, 0, 34, '2013-06-22', 5, 0),
(886, 212, 213, 3, 0, 212, '2013-06-22', 5, 0),
(887, 86, 11, 0, 3, 11, '2013-06-22', 5, 0),
(888, 86, 214, 3, 0, 86, '2013-06-22', 5, 0),
(889, 11, 214, 3, 0, 11, '2013-06-22', 5, 0),
(890, 73, 1, 3, 0, 73, '2013-06-22', 5, 0),
(891, 73, 215, 3, 0, 73, '2013-06-22', 5, 0),
(892, 1, 215, 3, 0, 1, '2013-06-22', 5, 0),
(893, 31, 3, 3, 2, 31, '2013-06-22', 5, 0),
(894, 216, 28, 3, 2, 216, '2013-06-22', 5, 0),
(895, 216, 217, 3, 2, 216, '2013-06-22', 5, 0),
(896, 216, 96, 3, 0, 216, '2013-06-22', 5, 0),
(897, 216, 70, 0, 3, 70, '2013-06-22', 5, 0),
(898, 212, 207, 1, 3, 207, '2013-06-22', 5, 0),
(899, 11, 99, 1, 3, 99, '2013-06-22', 5, 0),
(900, 77, 31, 3, 0, 77, '2013-06-22', 5, 0),
(901, 68, 70, 3, 1, 68, '2013-06-22', 5, 0),
(902, 48, 207, 1, 3, 207, '2013-06-22', 5, 0),
(903, 119, 99, 0, 3, 99, '2013-06-22', 5, 0),
(904, 77, 94, 3, 0, 77, '2013-06-22', 5, 0),
(905, 68, 207, 2, 3, 207, '2013-06-22', 5, 0),
(906, 99, 77, 3, 2, 99, '2013-06-22', 5, 0),
(907, 207, 99, 3, 1, 207, '2013-06-22', 5, 0),
(908, 1, 23, 1, 6, -1, '2015-04-15', 7, 0),
(909, 1, 24, 3, 5, 1, '2015-04-13', 7, 0),
(910, 1, 23, 0, 5, 23, '2015-04-14', 7, 0);

-- --------------------------------------------------------

--
-- Table structure for table `player`
--

CREATE TABLE IF NOT EXISTS `player` (
`Id` int(11) NOT NULL,
  `Name` text NOT NULL,
  `BirthDate` date NOT NULL,
  `IdClub` int(11) NOT NULL,
  `Gender` text NOT NULL,
  `Photo` text NOT NULL,
  `currentPoints` int(11) NOT NULL,
  `currentGames` int(11) NOT NULL
) ENGINE=InnoDB AUTO_INCREMENT=218 DEFAULT CHARSET=latin1;

--
-- Dumping data for table `player`
--

INSERT INTO `player` (`Id`, `Name`, `BirthDate`, `IdClub`, `Gender`, `Photo`, `currentPoints`, `currentGames`) VALUES
(1, 'Joao Santos', '1987-01-01', 1, 'Male', '', 800, 2),
(3, 'Clife Abreu', '1900-01-01', 3, 'Male', '', 792, 1),
(4, 'João Freitas', '1900-01-01', 3, 'Male', '', 800, 0),
(5, 'José Ferreira', '1900-01-01', 3, 'Male', '', 800, 0),
(6, 'Fabio Almada', '1900-01-01', 3, 'Male', '', 800, 0),
(7, 'Paulo Fernandes', '1900-01-01', 4, 'Male', '', 800, 0),
(8, 'João Martins', '1900-01-01', 4, 'Male', '', 800, 0),
(9, 'Flavio Ferreira', '1900-01-01', 4, 'Male', '', 800, 0),
(10, 'Tomás Ferreira', '1900-01-01', 5, 'Male', '', 800, 2),
(11, 'Tiago Pedra', '1900-01-01', 5, 'Male', '', 807, 3),
(12, 'Paulo Matias', '1900-01-01', 5, 'Male', '', 800, 0),
(13, 'João Alves', '1900-01-01', 6, 'Male', '', 800, 0),
(14, 'Rodrigo Andrade', '1900-01-01', 6, 'Male', '', 800, 0),
(15, 'Filipe Conceição', '1900-01-01', 6, 'Male', '', 800, 0),
(16, 'Piotr Skierski', '1900-01-01', 7, 'Male', '', 800, 0),
(17, 'Miguel Silva', '1900-01-01', 7, 'Male', '', 800, 0),
(18, 'José Henriques', '1900-01-01', 7, 'Male', '', 800, 0),
(19, 'Rui Vieira', '1900-01-01', 7, 'Male', '', 800, 0),
(20, 'Pedro Sousa', '1900-01-01', 8, 'Male', '', 800, 2),
(21, 'Alexandre Faria', '1900-01-01', 8, 'Male', '', 800, 0),
(22, 'Gonçalo Gomes', '1900-01-01', 8, 'Male', '', 800, 0),
(23, 'Hugo Gouveia', '1900-01-01', 1, 'Male', '', 800, 0),
(24, 'Fabiano Afonso', '1900-01-01', 1, 'Male', '', 800, 0),
(25, 'Ruben Castro', '1900-01-01', 9, 'Male', '', 800, 2),
(26, 'Tiago Rocha', '1900-01-01', 9, 'Male', '', 800, 0),
(27, 'Sergio Viegas', '1900-01-01', 9, 'Male', '', 800, 2),
(28, 'Ricardo Fernandes', '1900-01-01', 10, 'Male', '', 792, 1),
(29, 'Carlos Leon', '1900-01-01', 10, 'Male', '', 800, 0),
(30, 'Ricardo Ferreira', '1900-01-01', 10, 'Male', '', 800, 0),
(31, 'Sergio Silva', '1900-01-01', 11, 'Male', '', 800, 2),
(32, 'Nuno Freitas', '1900-01-01', 11, 'Male', '', 800, 0),
(33, 'Hugo Alves', '1900-01-01', 11, 'Male', '', 792, 1),
(34, 'Nuno Azevedo', '1900-01-01', 11, 'Male', '', 800, 2),
(35, 'Samuel Gonçalves', '1900-01-01', 9, 'Male', '', 800, 0),
(36, 'Luís Paulo', '1900-01-01', 6, 'Male', '', 800, 0),
(37, 'Marco Rodrigues', '1900-01-01', 8, 'Male', '', 800, 0),
(38, 'Gabriel Spínola', '1900-01-01', 10, 'Male', '', 800, 0),
(39, 'Afonso Câmara', '1900-01-01', 8, 'Male', '', 800, 0),
(40, 'Mauricio Santos', '1900-01-01', 1, 'Male', '', 800, 0),
(41, 'Márcio Freitas', '1900-01-01', 4, 'Male', '', 800, 0),
(42, 'Gonçalo Ramos', '1900-01-01', 5, 'Male', '', 800, 0),
(43, 'Angelo Teixeira', '1900-01-01', 10, 'Male', '', 800, 0),
(44, 'Bruno Sá', '1900-01-01', 9, 'Male', '', 800, 0),
(45, 'Duarte Spinola', '1900-01-01', 11, 'Male', '', 800, 0),
(46, 'Gonçalo Jesus', '1900-01-01', 9, 'Male', '', 800, 0),
(47, 'Diogo Alves', '1900-01-01', 6, 'Male', '', 800, 0),
(48, 'Adriano Freitas', '1900-01-01', 3, 'Male', '', 793, 3),
(49, 'Tomás Rodrigues', '1900-01-01', 9, 'Male', '', 800, 0),
(50, 'Abilio Cruz', '1900-01-01', 6, 'Male', '', 800, 0),
(51, 'Pedro Poupa', '1900-01-01', 11, 'Male', '', 800, 0),
(52, 'Jhonny Rodrigues', '1900-01-01', 10, 'Male', '', 800, 0),
(53, 'Pedro Nunes', '1900-01-01', 8, 'Male', '', 800, 0),
(54, 'Luís Lume', '1900-01-01', 8, 'Male', '', 800, 0),
(55, 'Eloísio Cabral', '1900-01-01', 4, 'Male', '', 800, 0),
(56, 'Miguel Alves', '1900-01-01', 11, 'Male', '', 800, 0),
(57, 'Ruben Canteiro', '1900-01-01', 8, 'Male', '', 800, 0),
(58, 'Nuno Henriques', '1900-01-01', 2, 'Male', '', 800, 0),
(59, 'Alexander Silva', '1900-01-01', 13, 'Male', '', 800, 0),
(60, 'Joni Faria', '1900-01-01', 2, 'Male', '', 800, 0),
(61, 'Valdo Sousa', '1900-01-01', 5, 'Male', '', 800, 2),
(62, 'João Reis', '1900-01-01', 2, 'Male', '', 800, 0),
(63, 'Mário Pereira', '1900-01-01', 13, 'Male', '', 800, 0),
(64, 'Luis Freitas', '1900-01-01', 14, 'Male', '', 792, 1),
(65, 'Vitaly Efimov', '1900-01-01', 2, 'Male', '', 800, 0),
(66, 'Luis Silva', '1900-01-01', 14, 'Male', '', 800, 0),
(67, 'Idilio Freitas', '1900-01-01', 15, 'Male', '', 798, 2),
(68, 'Rodolfo Pedra', '1900-01-01', 5, 'Male', '', 810, 3),
(69, 'Tiago Li', '1900-01-01', 2, 'Male', '', 800, 0),
(70, 'Duarte Mendonça', '1900-01-01', 2, 'Male', '', 814, 4),
(71, 'Eduardo Vieira', '1900-01-01', 2, 'Male', '', 800, 0),
(72, 'João Abreu', '1900-01-01', 16, 'Male', '', 800, 0),
(73, 'Luis Aveiro', '1900-01-01', 9, 'Male', '', 816, 2),
(74, 'Helvio Mendonça', '1900-01-01', 13, 'Male', '', 800, 0),
(75, 'Telmo Vieira', '1900-01-01', 14, 'Male', '', 800, 0),
(76, 'Francisco Costa', '1900-01-01', 14, 'Male', '', 800, 0),
(77, 'Luis Henrique', '1900-01-01', 3, 'Male', '', 824, 5),
(78, 'Fabricio Gonçalves', '1900-01-01', 14, 'Male', '', 800, 0),
(79, 'Celso Henriques', '1900-01-01', 2, 'Male', '', 800, 0),
(80, 'Aurelio Jardim', '1900-01-01', 14, 'Male', '', 800, 0),
(81, 'Diogo Santos', '1900-01-01', 3, 'Male', '', 800, 0),
(82, 'Heitor Aguiar', '1900-01-01', 10, 'Male', '', 800, 0),
(83, 'Henrique Barros', '1900-01-01', 3, 'Male', '', 800, 0),
(84, 'Marco Camara', '1900-01-01', 9, 'Male', '', 800, 0),
(85, 'Helder Sousa', '1900-01-01', 13, 'Male', '', 800, 0),
(86, 'Bernardo Rebolo', '1900-01-01', 9, 'Male', '', 800, 2),
(87, 'Sergio Ramos', '1900-01-01', 13, 'Male', '', 800, 0),
(88, 'Vitor Barros', '1900-01-01', 4, 'Male', '', 800, 0),
(89, 'Marcio Dantas', '1900-01-01', 4, 'Male', '', 800, 0),
(90, 'Emanuel Leça', '1900-01-01', 6, 'Male', '', 800, 0),
(91, 'Fernando Leon', '1900-01-01', 17, 'Male', '', 800, 0),
(92, 'Vasco Teles', '1900-01-01', 17, 'Male', '', 800, 0),
(93, 'Carlos Rocha', '1900-01-01', 3, 'Male', '', 800, 0),
(94, 'Ricardo Garcês', '1900-01-01', 8, 'Male', '', 808, 3),
(95, 'Simão Sardinha', '1900-01-01', 6, 'Male', '', 800, 0),
(96, 'Fabricio Pita', '1900-01-01', 3, 'Male', '', 793, 1),
(97, 'Francisco Cova', '1900-01-01', 5, 'Male', '', 800, 0),
(98, 'Ricardo Avelino', '1900-01-01', 10, 'Male', '', 800, 0),
(99, 'Renato Gouveia', '1900-01-01', 2, 'Male', '', 831, 6),
(100, 'Carlos Teixeira', '1900-01-01', 3, 'Male', '', 800, 0),
(101, 'Guilherme Vieira', '1900-01-01', 8, 'Male', '', 800, 0),
(102, 'Virgilio Pinto', '1900-01-01', 8, 'Male', '', 800, 0),
(103, 'Francisco Franco', '1900-01-01', 6, 'Male', '', 800, 0),
(104, 'Francisco Olival', '1900-01-01', 3, 'Male', '', 800, 0),
(105, 'João Gouveia', '1900-01-01', 10, 'Male', '', 800, 0),
(106, 'Eduarda Aguiar', '1900-01-01', 3, 'Female', '', 800, 0),
(107, 'Cirilo Borges', '1900-01-01', 10, 'Male', '', 800, 0),
(108, 'Lourenço Viveiros', '1900-01-01', 4, 'Male', '', 800, 0),
(109, 'João Costa', '1900-01-01', 4, 'Male', '', 800, 0),
(110, 'Luís Sousa', '1900-01-01', 6, 'Male', '', 800, 0),
(111, 'Jide Ogidiolu', '1900-01-01', 6, 'Male', '', 800, 0),
(112, 'Seun Ajetunmobi', '1900-01-01', 6, 'Male', '', 800, 0),
(113, 'Pedro Vieira', '1900-01-01', 6, 'Male', '', 800, 0),
(114, 'Celso Pestana', '1900-01-01', 18, 'Male', '', 800, 0),
(115, 'Ricardo Freitas Esquerdino', '1900-01-01', 18, 'Male', '', 800, 0),
(116, 'Victor Carvalho', '1900-01-01', 18, 'Male', '', 800, 0),
(117, 'Romeu Furtado', '1900-01-01', 11, 'Male', '', 800, 0),
(118, 'Paulo Dias', '1900-01-01', 11, 'Male', '', 784, 2),
(119, 'Filipe Correia', '1900-01-01', 11, 'Male', '', 801, 2),
(120, 'Francisco Ferreira', '1900-01-01', 16, 'Male', '', 800, 0),
(121, 'Miguel Pereira', '1900-01-01', 16, 'Male', '', 802, 2),
(122, 'Pedro Costa', '1900-01-01', 3, 'Male', '', 800, 0),
(123, 'Ruben Jesus', '1900-01-01', 2, 'Male', '', 800, 0),
(124, 'Alexandre Freitas', '1900-01-01', 16, 'Male', '', 800, 0),
(125, 'Angel Gomez', '1900-01-01', 15, 'Male', '', 800, 0),
(126, 'Afonso Vieira', '1900-01-01', 5, 'Male', '', 800, 0),
(127, 'Celso Caires', '1900-01-01', 16, 'Male', '', 800, 0),
(128, 'Andre Dias', '1900-01-01', 2, 'Male', '', 800, 0),
(129, 'João Ferreira', '1900-01-01', 16, 'Male', '', 800, 0),
(130, 'Artur Silva', '1900-01-01', 8, 'Male', '', 800, 0),
(131, 'Ivo Silva', '1900-01-01', 19, 'Male', '', 800, 0),
(132, 'Pedro Silva', '1900-01-01', 19, 'Male', '', 800, 0),
(133, 'Jorge Costa', '1900-01-01', 19, 'Male', '', 800, 0),
(134, 'Daniel Conic', '1900-01-01', 6, 'Male', '', 800, 0),
(135, 'Wang Zhen', '1900-01-01', 20, 'Male', '', 800, 0),
(136, 'Paulo Silva', '1900-01-01', 20, 'Male', '', 800, 0),
(137, 'Antonio Malheiro', '1900-01-01', 20, 'Male', '', 800, 0),
(138, 'Tiago Rocha ACM', '1900-01-01', 5, 'Male', '', 800, 0),
(139, 'Ricardo Freitas Caramanchao', '1900-01-01', 11, 'Male', '', 800, 0),
(140, 'Pedro Pereira', '1900-01-01', 5, 'Male', '', 800, 0),
(141, 'Adelino Gonçalves', '1900-01-01', 13, 'Male', '', 800, 0),
(142, 'Rafael Gonçalves', '1900-01-01', 20, 'Male', '', 800, 0),
(143, 'Ruben Abreu', '1900-01-01', 18, 'Male', '', 800, 0),
(145, 'Marcelo Rodrigues', '1900-01-01', 18, 'Male', '', 800, 0),
(146, 'José Monteiro', '1900-01-01', 22, 'Male', '', 800, 0),
(147, 'Vitor Gouveia', '1900-01-01', 22, 'Male', '', 800, 0),
(148, 'Dinis Cunha', '1900-01-01', 22, 'Male', '', 800, 0),
(149, 'Gonçalo Castanheira', '1900-01-01', 22, 'Male', '', 800, 0),
(150, 'Diogo Carvalho', '1900-01-01', 21, 'Male', '', 800, 0),
(151, 'Bode Abiodun', '1900-01-01', 21, 'Male', '', 800, 0),
(152, 'Diogo Chen', '1900-01-01', 21, 'Male', '', 800, 0),
(153, 'Vitor Hugo', '1900-01-01', 21, 'Male', '', 800, 0),
(154, 'Pedro Fraga', '1900-01-01', 23, 'Male', '', 800, 0),
(155, 'Francisco Moreira', '1900-01-01', 23, 'Male', '', 800, 0),
(156, 'João Geraldo', '1900-01-01', 23, 'Male', '', 800, 0),
(157, 'Duarte Fernandes', '1900-01-01', 23, 'Male', '', 800, 0),
(158, 'Nazir Kazeem', '1900-01-01', 20, 'Male', '', 800, 0),
(164, 'Tiago Duarte', '1900-01-01', 19, 'Male', '', 800, 0),
(165, 'André Silva', '1900-01-01', 24, 'Male', '', 800, 0),
(166, 'Ricardo Oliveira', '1900-01-01', 21, 'Male', '', 800, 0),
(167, 'Zheng Shun', '1900-01-01', 21, 'Male', '', 800, 0),
(168, 'Chuanxi Han', '1900-01-01', 25, 'Male', '', 800, 0),
(169, 'Andrei Bukin', '1900-01-01', 25, 'Male', '', 800, 0),
(170, 'João Brandão', '1900-01-01', 26, 'Male', '', 800, 0),
(171, 'Zhao Tianming', '1900-01-01', 26, 'Male', '', 800, 0),
(172, 'Bruno Daniel', '1900-01-01', 26, 'Male', '', 800, 0),
(173, 'Vasco Fialho', '1900-01-01', 24, 'Male', '', 800, 0),
(174, 'Nuno Correia', '1900-01-01', 27, 'Male', '', 800, 0),
(175, 'Jorge Pinheiro', '1900-01-01', 19, 'Male', '', 800, 0),
(176, 'Joni Sousa', '1900-01-01', 28, 'Male', '', 800, 0),
(177, 'Bruno Silva', '1900-01-01', 26, 'Male', '', 800, 0),
(178, 'João Seduvem', '1900-01-01', 28, 'Male', '', 800, 0),
(179, 'Diogo Pinho', '1900-01-01', 29, 'Male', '', 800, 0),
(180, 'Alexandru Cazacu', '1900-01-01', 25, 'Male', '', 800, 0),
(181, 'Aruna Quadri', '1900-01-01', 24, 'Male', '', 800, 0),
(182, 'Diogo Silva', '1900-01-01', 24, 'Male', '', 800, 0),
(183, 'Rui Filipe', '1900-01-01', 26, 'Male', '', 800, 0),
(184, 'Rafael Pedra', '1900-01-01', 28, 'Male', '', 800, 0),
(185, 'Jorge Tito', '1900-01-01', 28, 'Male', '', 800, 0),
(186, 'Miguel Caiado', '1900-01-01', 30, 'Male', '', 800, 0),
(187, 'João Fernandes', '1900-01-01', 31, 'Male', '', 800, 0),
(188, 'Helder Fevereiro', '1900-01-01', 27, 'Male', '', 800, 0),
(189, 'Rafael Vaz', '1900-01-01', 32, 'Male', '', 800, 0),
(190, 'Afonso Loureiro', '1900-01-01', 33, 'Male', '', 800, 0),
(191, 'Diogo Esteves', '1900-01-01', 34, 'Male', '', 800, 0),
(192, 'Renato Marques', '1900-01-01', 35, 'Male', '', 800, 0),
(193, 'Diogo Rodrigues', '1900-01-01', 36, 'Male', '', 800, 0),
(194, 'Rodrigo Cruz', '1900-01-01', 19, 'Male', '', 800, 0),
(195, 'Tiago Fontes', '1900-01-01', 32, 'Male', '', 800, 0),
(196, 'Sergio Castanheira', '1900-01-01', 28, 'Male', '', 800, 0),
(197, 'Pedro Barbosa', '1900-01-01', 26, 'Male', '', 800, 0),
(198, 'Miguel Pinto', '1900-01-01', 38, 'Male', '', 800, 0),
(199, 'Carlos Figueredo', '1900-01-01', 33, 'Male', '', 800, 0),
(200, 'Miguel Pereira AVFC', '1900-01-01', 39, 'Male', '', 800, 0),
(201, 'António Jorge GD Viso', '1900-01-01', 40, 'Male', '', 800, 0),
(202, 'Sergio Vieira', '1900-01-01', 27, 'Male', '', 800, 0),
(203, 'Jose Carecho', '1900-01-01', 41, 'Male', '', 800, 0),
(204, 'João Figueredo', '1900-01-01', 42, 'Male', '', 800, 0),
(205, 'Pedro Fragoso', '1900-01-01', 40, 'Male', '', 800, 0),
(206, 'Eduardo Santos', '1900-01-01', 30, 'Male', '', 800, 0),
(207, 'Jorge Fernandes', '1900-01-01', 10, 'Male', '', 847, 6),
(208, 'Pedro Alves', '1900-01-01', 11, 'Male', '', 784, 2),
(209, 'Diana Almeida', '1900-01-01', 14, 'Female', '', 784, 2),
(210, 'Rodrigo Viveiros', '1900-01-01', 15, 'Male', '', 784, 2),
(211, 'João Gois', '1900-01-01', 2, 'Male', '', 784, 2),
(212, 'Roberto Sousa', '1900-01-01', 11, 'Male', '', 807, 3),
(213, 'Valentim Caires', '1900-01-01', 2, 'Male', '', 785, 2),
(214, 'Afonso Gonçalves', '1900-01-01', 2, 'Male', '', 785, 2),
(215, 'Andre Moreira', '1900-01-01', 3, 'Male', '', 784, 2),
(216, 'Francisco Sousa', '1900-01-01', 2, 'Male', '', 815, 4),
(217, 'Bruno Nunes', '1900-01-01', 9, 'Male', '', 792, 1);

-- --------------------------------------------------------

--
-- Table structure for table `playerchamps`
--

CREATE TABLE IF NOT EXISTS `playerchamps` (
`Id` int(11) NOT NULL,
  `Date` date NOT NULL,
  `IdPlayer` int(11) NOT NULL,
  `IdChamp` int(11) NOT NULL
) ENGINE=InnoDB DEFAULT CHARSET=latin1;

-- --------------------------------------------------------

--
-- Table structure for table `playerclubs`
--

CREATE TABLE IF NOT EXISTS `playerclubs` (
  `Id` int(11) NOT NULL,
  `Date` date NOT NULL,
  `IdPlayer` int(11) NOT NULL,
  `IdClub` int(11) NOT NULL
) ENGINE=InnoDB DEFAULT CHARSET=latin1;

-- --------------------------------------------------------

--
-- Table structure for table `playerlocation`
--

CREATE TABLE IF NOT EXISTS `playerlocation` (
`Id` int(11) NOT NULL,
  `Location` text NOT NULL
) ENGINE=InnoDB AUTO_INCREMENT=3 DEFAULT CHARSET=latin1;

--
-- Dumping data for table `playerlocation`
--

INSERT INTO `playerlocation` (`Id`, `Location`) VALUES
(1, 'OnTable'),
(2, 'AwayFromTable');

-- --------------------------------------------------------

--
-- Table structure for table `pointsbreakdown`
--

CREATE TABLE IF NOT EXISTS `pointsbreakdown` (
`Id` int(11) NOT NULL,
  `Date` date NOT NULL,
  `IdPlayer` int(11) NOT NULL,
  `Points` int(11) NOT NULL
) ENGINE=InnoDB DEFAULT CHARSET=latin1;

-- --------------------------------------------------------

--
-- Table structure for table `pointtype`
--

CREATE TABLE IF NOT EXISTS `pointtype` (
`Id` int(11) NOT NULL,
  `Type` text NOT NULL
) ENGINE=InnoDB AUTO_INCREMENT=5 DEFAULT CHARSET=latin1;

--
-- Dumping data for table `pointtype`
--

INSERT INTO `pointtype` (`Id`, `Type`) VALUES
(1, 'Winner'),
(2, 'UnforcedError'),
(3, 'ForcedError'),
(4, 'NotAvailable');

-- --------------------------------------------------------

--
-- Table structure for table `positiontype`
--

CREATE TABLE IF NOT EXISTS `positiontype` (
`Id` int(11) NOT NULL,
  `Position` text NOT NULL
) ENGINE=InnoDB AUTO_INCREMENT=4 DEFAULT CHARSET=latin1;

--
-- Dumping data for table `positiontype`
--

INSERT INTO `positiontype` (`Id`, `Position`) VALUES
(1, 'Normal'),
(2, 'Pivot'),
(3, 'NotAvailable');

-- --------------------------------------------------------

--
-- Table structure for table `racketside`
--

CREATE TABLE IF NOT EXISTS `racketside` (
`Id` int(11) NOT NULL,
  `Side` text NOT NULL
) ENGINE=InnoDB AUTO_INCREMENT=5 DEFAULT CHARSET=latin1;

--
-- Dumping data for table `racketside`
--

INSERT INTO `racketside` (`Id`, `Side`) VALUES
(1, 'Right'),
(2, 'Left'),
(3, 'RightNotRacket'),
(4, 'LeftNotRacket');

-- --------------------------------------------------------

--
-- Table structure for table `ratingchart`
--

CREATE TABLE IF NOT EXISTS `ratingchart` (
`Id` int(11) NOT NULL,
  `PointDifBelow` int(11) NOT NULL,
  `PointDifHigh` int(11) NOT NULL,
  `ExpectedResultPoints` int(11) NOT NULL,
  `UnexpectedResultPoints` int(11) NOT NULL
) ENGINE=InnoDB DEFAULT CHARSET=latin1;

-- --------------------------------------------------------

--
-- Table structure for table `strokes`
--

CREATE TABLE IF NOT EXISTS `strokes` (
`Id` int(11) NOT NULL,
  `idgamepoint` int(11) NOT NULL,
  `IdStrokeType` int(11) NOT NULL,
  `IdRacketSide` int(11) NOT NULL,
  `IdPositionType` int(11) NOT NULL,
  `IdDestinationSide` int(11) NOT NULL,
  `IdDestinationLenght` int(11) NOT NULL,
  `Comment` text NOT NULL,
  `goodStroke` tinyint(1) NOT NULL
) ENGINE=InnoDB AUTO_INCREMENT=185 DEFAULT CHARSET=latin1;

--
-- Dumping data for table `strokes`
--

INSERT INTO `strokes` (`Id`, `idgamepoint`, `IdStrokeType`, `IdRacketSide`, `IdPositionType`, `IdDestinationSide`, `IdDestinationLenght`, `Comment`, `goodStroke`) VALUES
(1, 1, 11, 1, 1, 4, 3, ' ', 1),
(2, 1, 7, 2, 1, 4, 3, ' ', 1),
(3, 1, 11, 2, 1, 4, 3, ' ', 1),
(4, 1, 7, 1, 1, 4, 3, ' ', 0),
(5, 2, 11, 2, 1, 4, 3, ' ', 1),
(6, 2, 11, 1, 1, 4, 3, ' ', 0),
(7, 3, 2, 1, 1, 4, 3, ' ', 1),
(8, 3, 11, 1, 1, 4, 3, ' ', 1),
(9, 3, 7, 1, 1, 4, 3, ' ', 1),
(10, 3, 10, 2, 1, 4, 3, ' ', 0),
(11, 4, 2, 2, 1, 4, 3, ' ', 1),
(12, 4, 9, 1, 1, 4, 3, ' ', 1),
(13, 4, 11, 1, 1, 4, 3, ' ', 1),
(14, 4, 7, 2, 1, 4, 3, ' ', 1),
(15, 4, 9, 1, 1, 4, 3, ' ', 1),
(16, 4, 10, 2, 1, 4, 3, ' ', 0),
(17, 5, 11, 2, 1, 4, 3, ' ', 1),
(18, 5, 7, 1, 1, 4, 3, ' ', 0),
(19, 6, 7, 2, 1, 4, 3, ' ', 1),
(20, 6, 9, 1, 1, 4, 3, ' ', 1),
(21, 6, 9, 2, 1, 4, 3, ' ', 1),
(22, 7, 2, 2, 1, 4, 3, ' ', 1),
(23, 7, 11, 2, 1, 4, 3, ' ', 1),
(24, 7, 9, 2, 1, 4, 3, ' ', 1),
(25, 7, 11, 2, 1, 4, 3, ' ', 1),
(26, 8, 1, 2, 1, 4, 3, ' ', 1),
(27, 8, 11, 1, 1, 4, 3, ' ', 1),
(28, 8, 7, 2, 1, 4, 3, ' ', 1),
(29, 8, 9, 2, 1, 4, 3, ' ', 0),
(30, 9, 11, 1, 1, 4, 3, ' ', 1),
(31, 9, 7, 1, 1, 4, 3, ' ', 0),
(32, 10, 9, 2, 1, 4, 3, ' ', 1),
(33, 10, 10, 2, 1, 4, 3, ' ', 1),
(34, 11, 2, 1, 1, 4, 3, ' ', 1),
(35, 11, 9, 1, 1, 4, 3, ' ', 1),
(36, 11, 10, 2, 1, 4, 3, ' ', 1),
(37, 11, 9, 1, 1, 4, 3, ' ', 1),
(38, 11, 9, 1, 1, 4, 3, ' ', 1),
(39, 12, 2, 1, 1, 4, 3, ' ', 1),
(40, 12, 7, 1, 1, 4, 3, ' ', 1),
(41, 12, 9, 2, 1, 4, 3, ' ', 1),
(42, 12, 9, 1, 1, 4, 3, ' ', 1),
(43, 12, 11, 1, 1, 4, 3, ' ', 1),
(44, 13, 11, 2, 1, 4, 3, ' ', 1),
(45, 13, 11, 1, 1, 4, 3, ' ', 1),
(46, 13, 9, 2, 1, 4, 3, ' ', 1),
(47, 13, 7, 1, 1, 4, 3, ' ', 1),
(48, 13, 7, 2, 1, 4, 3, ' ', 1),
(49, 13, 7, 1, 1, 4, 3, ' ', 0),
(50, 14, 11, 2, 1, 4, 3, ' ', 0),
(51, 15, 2, 2, 1, 4, 3, ' ', 0),
(52, 16, 2, 2, 1, 4, 3, ' ', 1),
(53, 16, 9, 1, 1, 4, 3, ' ', 0),
(54, 17, 1, 2, 1, 4, 3, ' ', 1),
(55, 17, 7, 1, 1, 4, 3, ' ', 1),
(56, 18, 2, 2, 1, 4, 3, ' ', 1),
(57, 19, 11, 1, 1, 4, 3, ' ', 1),
(58, 19, 10, 2, 1, 4, 3, ' ', 0),
(59, 20, 11, 2, 1, 4, 3, ' ', 1),
(60, 20, 8, 1, 1, 4, 3, ' ', 1),
(61, 20, 8, 1, 1, 4, 3, ' ', 1),
(62, 21, 1, 2, 1, 4, 3, ' ', 1),
(63, 21, 9, 1, 1, 4, 3, ' ', 1),
(64, 21, 7, 1, 1, 4, 3, ' ', 1),
(65, 21, 8, 1, 1, 4, 3, ' ', 1),
(66, 22, 1, 2, 1, 4, 3, ' ', 1),
(67, 22, 9, 2, 1, 4, 3, ' ', 1),
(68, 23, 11, 1, 1, 4, 3, ' ', 1),
(69, 23, 7, 1, 1, 4, 3, ' ', 1),
(70, 23, 11, 2, 1, 4, 3, ' ', 1),
(71, 23, 7, 2, 1, 4, 3, ' ', 1),
(72, 23, 7, 1, 1, 4, 3, ' ', 0),
(73, 24, 11, 1, 1, 4, 3, ' ', 1),
(74, 24, 7, 1, 1, 4, 3, ' ', 1),
(75, 24, 9, 1, 1, 4, 3, ' ', 1),
(76, 24, 7, 1, 1, 4, 3, ' ', 0),
(77, 25, 1, 2, 1, 4, 3, ' ', 1),
(78, 25, 12, 2, 1, 4, 3, ' ', 1),
(79, 25, 7, 1, 1, 4, 3, ' ', 1),
(80, 25, 8, 1, 1, 4, 3, ' ', 1),
(81, 26, 1, 2, 1, 4, 3, ' ', 1),
(82, 26, 11, 2, 1, 4, 3, ' ', 1),
(83, 26, 7, 1, 1, 4, 3, ' ', 1),
(84, 27, 11, 2, 1, 4, 3, ' ', 1),
(85, 27, 7, 1, 1, 4, 3, ' ', 1),
(86, 27, 11, 2, 1, 4, 3, ' ', 1),
(87, 27, 9, 1, 1, 4, 3, ' ', 0),
(88, 28, 11, 1, 1, 4, 3, ' ', 1),
(89, 29, 2, 2, 1, 4, 3, ' ', 1),
(90, 29, 9, 1, 1, 4, 3, ' ', 1),
(91, 29, 9, 2, 1, 4, 3, ' ', 1),
(92, 29, 7, 1, 1, 4, 3, ' ', 1),
(93, 29, 11, 2, 1, 4, 3, ' ', 1),
(94, 29, 7, 1, 1, 4, 3, ' ', 1),
(95, 30, 2, 2, 1, 4, 3, ' ', 1),
(96, 30, 10, 2, 1, 4, 3, ' ', 1),
(97, 30, 9, 2, 1, 4, 3, ' ', 1),
(98, 30, 8, 1, 1, 4, 3, ' ', 0),
(99, 31, 11, 2, 1, 4, 3, ' ', 1),
(100, 31, 7, 1, 1, 4, 3, ' ', 1),
(101, 32, 11, 2, 1, 4, 3, ' ', 1),
(102, 32, 8, 1, 1, 4, 3, ' ', 1),
(103, 33, 11, 2, 1, 4, 3, ' ', 1),
(104, 33, 7, 1, 1, 4, 3, ' ', 1),
(105, 34, 11, 1, 1, 4, 3, ' ', 1),
(106, 34, 7, 1, 1, 4, 3, ' ', 1),
(107, 34, 9, 1, 1, 4, 3, ' ', 1),
(108, 34, 7, 1, 1, 4, 3, ' ', 1),
(109, 34, 7, 1, 1, 4, 3, ' ', 1),
(110, 35, 1, 2, 1, 4, 3, ' ', 1),
(111, 35, 9, 2, 1, 4, 3, ' ', 1),
(112, 35, 11, 1, 1, 4, 3, ' ', 1),
(113, 35, 12, 2, 1, 4, 3, ' ', 1),
(114, 35, 7, 1, 1, 4, 3, ' ', 1),
(115, 35, 8, 2, 1, 4, 3, ' ', 1),
(116, 35, 11, 2, 1, 4, 3, ' ', 1),
(117, 36, 2, 2, 1, 4, 3, ' ', 1),
(118, 36, 9, 2, 1, 4, 3, ' ', 0),
(119, 37, 12, 2, 1, 4, 3, ' ', 1),
(120, 37, 7, 2, 1, 4, 3, ' ', 0),
(121, 38, 11, 2, 1, 4, 3, ' ', 1),
(122, 38, 11, 1, 1, 4, 3, ' ', 1),
(123, 38, 10, 2, 1, 4, 3, ' ', 1),
(124, 38, 7, 1, 1, 4, 3, ' ', 1),
(125, 38, 9, 1, 1, 4, 3, ' ', 1),
(126, 38, 7, 2, 1, 4, 3, ' ', 1),
(127, 38, 9, 2, 1, 4, 3, ' ', 1),
(128, 38, 7, 1, 1, 4, 3, ' ', 1),
(129, 38, 10, 2, 1, 4, 3, ' ', 1),
(130, 39, 1, 2, 1, 4, 3, ' ', 1),
(131, 39, 9, 2, 1, 4, 3, ' ', 1),
(132, 40, 2, 2, 1, 4, 3, ' ', 1),
(133, 41, 11, 2, 1, 4, 3, ' ', 1),
(134, 42, 11, 2, 1, 4, 3, ' ', 1),
(135, 42, 7, 1, 1, 4, 3, ' ', 1),
(136, 43, 1, 2, 1, 4, 3, ' ', 1),
(137, 44, 1, 2, 1, 4, 3, ' ', 1),
(138, 44, 7, 1, 1, 4, 3, ' ', 1),
(139, 44, 12, 2, 1, 4, 3, ' ', 1),
(140, 44, 8, 1, 1, 4, 3, ' ', 1),
(141, 45, 11, 2, 1, 4, 3, ' ', 1),
(142, 45, 7, 1, 1, 4, 3, ' ', 1),
(143, 46, 11, 1, 1, 4, 3, ' ', 1),
(144, 46, 8, 1, 1, 4, 3, ' ', 1),
(145, 47, 1, 2, 1, 4, 3, ' ', 1),
(146, 48, 1, 2, 1, 4, 3, ' ', 1),
(147, 48, 9, 2, 1, 4, 3, ' ', 1),
(148, 48, 7, 1, 1, 4, 3, ' ', 1),
(149, 49, 7, 2, 1, 4, 3, ' ', 1),
(150, 49, 10, 2, 1, 4, 3, ' ', 1),
(151, 50, 11, 2, 1, 4, 3, ' ', 1),
(152, 50, 7, 1, 1, 4, 3, ' ', 1),
(153, 50, 12, 2, 1, 4, 3, ' ', 1),
(154, 50, 8, 1, 1, 4, 3, ' ', 0),
(155, 51, 1, 2, 1, 4, 3, ' ', 1),
(156, 51, 9, 1, 1, 4, 3, ' ', 1),
(157, 51, 7, 1, 1, 4, 3, ' ', 1),
(158, 51, 11, 2, 1, 4, 3, ' ', 1),
(159, 52, 1, 2, 1, 4, 3, ' ', 1),
(160, 53, 11, 1, 1, 4, 3, ' ', 1),
(161, 53, 10, 2, 1, 4, 3, ' ', 1),
(162, 54, 11, 2, 1, 4, 3, ' ', 1),
(163, 54, 7, 1, 1, 4, 3, ' ', 1),
(164, 54, 11, 2, 1, 4, 3, ' ', 1),
(165, 54, 7, 1, 1, 4, 3, ' ', 1),
(166, 55, 1, 2, 1, 4, 3, ' ', 1),
(167, 55, 9, 1, 1, 4, 3, ' ', 1),
(168, 55, 7, 1, 1, 4, 3, ' ', 1),
(169, 55, 11, 2, 1, 4, 3, ' ', 1),
(170, 55, 10, 2, 1, 4, 3, ' ', 0),
(171, 56, 1, 2, 1, 4, 3, ' ', 1),
(172, 57, 12, 2, 1, 4, 3, ' ', 1),
(173, 57, 7, 1, 1, 4, 3, ' ', 1),
(174, 58, 11, 2, 1, 4, 3, ' ', 1),
(175, 58, 7, 1, 1, 4, 3, ' ', 1),
(176, 58, 11, 2, 1, 4, 3, ' ', 1),
(177, 59, 1, 2, 1, 4, 3, ' ', 1),
(178, 59, 8, 1, 1, 4, 3, ' ', 0),
(179, 60, 2, 2, 1, 4, 3, ' ', 1),
(180, 60, 9, 1, 1, 4, 3, ' ', 1),
(181, 60, 8, 1, 1, 4, 3, ' ', 0),
(182, 61, 11, 1, 1, 4, 3, ' ', 1),
(183, 61, 7, 1, 1, 4, 3, ' ', 0),
(184, 62, 11, 2, 1, 4, 3, ' ', 1);

-- --------------------------------------------------------

--
-- Table structure for table `stroketype`
--

CREATE TABLE IF NOT EXISTS `stroketype` (
`Id` int(11) NOT NULL,
  `Type` text NOT NULL
) ENGINE=InnoDB AUTO_INCREMENT=15 DEFAULT CHARSET=latin1;

--
-- Dumping data for table `stroketype`
--

INSERT INTO `stroketype` (`Id`, `Type`) VALUES
(1, 'ServiceChop'),
(2, 'ServiceSpin'),
(3, 'DefendTopSpin'),
(4, 'DefendChop'),
(5, 'DefendRisk'),
(6, 'ALL'),
(7, 'TopSpin'),
(8, 'TopSpinRisk'),
(9, 'Block'),
(10, 'OffensiveBlock'),
(11, 'Chop'),
(12, 'ChopRisk'),
(13, 'Flip'),
(14, 'Defend');

--
-- Indexes for dumped tables
--

--
-- Indexes for table `calculations`
--
ALTER TABLE `calculations`
 ADD PRIMARY KEY (`Id`);

--
-- Indexes for table `championships`
--
ALTER TABLE `championships`
 ADD PRIMARY KEY (`Id`);

--
-- Indexes for table `clubs`
--
ALTER TABLE `clubs`
 ADD PRIMARY KEY (`Id`);

--
-- Indexes for table `destinationlenght`
--
ALTER TABLE `destinationlenght`
 ADD PRIMARY KEY (`Id`);

--
-- Indexes for table `destinationside`
--
ALTER TABLE `destinationside`
 ADD PRIMARY KEY (`Id`);

--
-- Indexes for table `gamepoints`
--
ALTER TABLE `gamepoints`
 ADD PRIMARY KEY (`id`);

--
-- Indexes for table `games`
--
ALTER TABLE `games`
 ADD PRIMARY KEY (`id`);

--
-- Indexes for table `player`
--
ALTER TABLE `player`
 ADD PRIMARY KEY (`Id`);

--
-- Indexes for table `playerchamps`
--
ALTER TABLE `playerchamps`
 ADD PRIMARY KEY (`Id`);

--
-- Indexes for table `playerlocation`
--
ALTER TABLE `playerlocation`
 ADD PRIMARY KEY (`Id`);

--
-- Indexes for table `pointsbreakdown`
--
ALTER TABLE `pointsbreakdown`
 ADD PRIMARY KEY (`Id`);

--
-- Indexes for table `pointtype`
--
ALTER TABLE `pointtype`
 ADD PRIMARY KEY (`Id`);

--
-- Indexes for table `positiontype`
--
ALTER TABLE `positiontype`
 ADD PRIMARY KEY (`Id`);

--
-- Indexes for table `racketside`
--
ALTER TABLE `racketside`
 ADD PRIMARY KEY (`Id`);

--
-- Indexes for table `ratingchart`
--
ALTER TABLE `ratingchart`
 ADD PRIMARY KEY (`Id`);

--
-- Indexes for table `strokes`
--
ALTER TABLE `strokes`
 ADD PRIMARY KEY (`Id`);

--
-- Indexes for table `stroketype`
--
ALTER TABLE `stroketype`
 ADD PRIMARY KEY (`Id`);

--
-- AUTO_INCREMENT for dumped tables
--

--
-- AUTO_INCREMENT for table `calculations`
--
ALTER TABLE `calculations`
MODIFY `Id` int(11) NOT NULL AUTO_INCREMENT;
--
-- AUTO_INCREMENT for table `championships`
--
ALTER TABLE `championships`
MODIFY `Id` int(11) NOT NULL AUTO_INCREMENT,AUTO_INCREMENT=8;
--
-- AUTO_INCREMENT for table `clubs`
--
ALTER TABLE `clubs`
MODIFY `Id` int(11) NOT NULL AUTO_INCREMENT,AUTO_INCREMENT=43;
--
-- AUTO_INCREMENT for table `destinationlenght`
--
ALTER TABLE `destinationlenght`
MODIFY `Id` int(11) NOT NULL AUTO_INCREMENT,AUTO_INCREMENT=4;
--
-- AUTO_INCREMENT for table `destinationside`
--
ALTER TABLE `destinationside`
MODIFY `Id` int(11) NOT NULL AUTO_INCREMENT,AUTO_INCREMENT=5;
--
-- AUTO_INCREMENT for table `gamepoints`
--
ALTER TABLE `gamepoints`
MODIFY `id` int(11) NOT NULL AUTO_INCREMENT,AUTO_INCREMENT=63;
--
-- AUTO_INCREMENT for table `games`
--
ALTER TABLE `games`
MODIFY `id` int(11) NOT NULL AUTO_INCREMENT,AUTO_INCREMENT=911;
--
-- AUTO_INCREMENT for table `player`
--
ALTER TABLE `player`
MODIFY `Id` int(11) NOT NULL AUTO_INCREMENT,AUTO_INCREMENT=218;
--
-- AUTO_INCREMENT for table `playerchamps`
--
ALTER TABLE `playerchamps`
MODIFY `Id` int(11) NOT NULL AUTO_INCREMENT;
--
-- AUTO_INCREMENT for table `playerlocation`
--
ALTER TABLE `playerlocation`
MODIFY `Id` int(11) NOT NULL AUTO_INCREMENT,AUTO_INCREMENT=3;
--
-- AUTO_INCREMENT for table `pointsbreakdown`
--
ALTER TABLE `pointsbreakdown`
MODIFY `Id` int(11) NOT NULL AUTO_INCREMENT;
--
-- AUTO_INCREMENT for table `pointtype`
--
ALTER TABLE `pointtype`
MODIFY `Id` int(11) NOT NULL AUTO_INCREMENT,AUTO_INCREMENT=5;
--
-- AUTO_INCREMENT for table `positiontype`
--
ALTER TABLE `positiontype`
MODIFY `Id` int(11) NOT NULL AUTO_INCREMENT,AUTO_INCREMENT=4;
--
-- AUTO_INCREMENT for table `racketside`
--
ALTER TABLE `racketside`
MODIFY `Id` int(11) NOT NULL AUTO_INCREMENT,AUTO_INCREMENT=5;
--
-- AUTO_INCREMENT for table `ratingchart`
--
ALTER TABLE `ratingchart`
MODIFY `Id` int(11) NOT NULL AUTO_INCREMENT;
--
-- AUTO_INCREMENT for table `strokes`
--
ALTER TABLE `strokes`
MODIFY `Id` int(11) NOT NULL AUTO_INCREMENT,AUTO_INCREMENT=185;
--
-- AUTO_INCREMENT for table `stroketype`
--
ALTER TABLE `stroketype`
MODIFY `Id` int(11) NOT NULL AUTO_INCREMENT,AUTO_INCREMENT=15;
/*!40101 SET CHARACTER_SET_CLIENT=@OLD_CHARACTER_SET_CLIENT */;
/*!40101 SET CHARACTER_SET_RESULTS=@OLD_CHARACTER_SET_RESULTS */;
/*!40101 SET COLLATION_CONNECTION=@OLD_COLLATION_CONNECTION */;
